motherboardId,partId,socket,formFactor,chipset,memoryMax,memoryType,memorySlot,color,pcieSixteenSlot,pcieEightSlot,pcieFourSlot,pcieOneSlot,pcieSlot,sataSlot,mTwoSlot,onboardEthernet,onboardVideo,usbTwoHeader,usbTwoHeaderSinglePort,usbThreeTwoGenOneHeader,usbThreeTwoGenTwoHeader,usbThreeTwoGenTwoByTwoHeader,wirelessNetworking,raidSupport,backConnectors,createdAt,updatedAt
1,122,LGA1851,ATX,Intel Z890,256,DDR5,4,Black / Yellow,3,0,0,0,0,4,4,1 x 5 Gb/s (Intel Killer E5000B),Depends on CPU,2,0,1,1,1,Wi-Fi 7,0,0,11/25/2024 20:35,11/25/2024 20:35
2,123,LGA1851,EATX,Intel Z890,192,DDR5,4,Black,2,0,1,0,0,4,5,1 x 10 Gb/s (Marvell AQtion),Depends on CPU,2,0,2,2,1,Wi-Fi 7,0,0,11/25/2024 20:35,11/25/2024 20:35
3,124,LGA1851,ATX,Intel Z890,256,DDR5,4,Black,3,0,0,0,0,4,2,1 x 2.5 Gb/s (Realtek),Depends on CPU,2,0,1,1,0,Wi-Fi 7,0,0,11/25/2024 20:35,11/25/2024 20:35
4,125,LGA1851,MATX,Intel Z890,256,DDR5,4,Silver / Black,2,0,0,0,0,4,0,1 x 2.5 Gb/s (Realtek),Depends on CPU,2,0,1,1,0,None,0,0,11/25/2024 20:35,11/25/2024 20:35
5,126,LGA1851,ITX,Intel Z890,128,DDR5,2,Black,1,0,0,0,0,2,3,1 x 5 Gb/s (Realtek 8126),Depends on CPU,1,0,1,1,1,Wi-Fi 7,0,0,11/25/2024 20:35,11/25/2024 20:35
6,127,LGA1851,ATX,Intel Z890,192,DDR5,4,Black,2,0,0,0,0,4,7,1 x 5 Gb/s (Realtek),Depends on CPU,3,0,2,2,1,Wi-Fi 7,0,0,11/25/2024 20:35,11/25/2024 20:35
7,128,LGA1851,ATX,Intel Z890,192,DDR5,4,Black,2,0,0,1,0,4,6,"1 x 5 Gb/s (Realtek)','1 x 2.5 Gb/s (Intel)",Depends on CPU,2,0,2,2,1,Wi-Fi 7,0,0,11/25/2024 20:35,11/25/2024 20:35
8,129,LGA1851,ATX,Intel Z890,192,DDR5,4,White,2,0,0,0,0,4,5,1 x 2.5 Gb/s (Intel),Depends on CPU,2,0,1,1,1,Wi-Fi 7,0,0,11/25/2024 20:35,11/25/2024 20:35
9,130,LGA1851,ATX,Intel Z890,192,DDR5,4,Black / Gold,3,0,0,0,0,4,5,"1 x 10 Gb/s (Marvell AQtion)','1 x 2.5 Gb/s (Intel)",Depends on CPU,1,0,1,1,1,Wi-Fi 7 + 802.11ad,0,0,11/25/2024 20:35,11/25/2024 20:35
10,131,LGA1851,ATX,Intel Z890,256,DDR5,4,Black,3,0,0,1,0,4,4,1 x 5 Gb/s (Intel Killer E5000B),Depends on CPU,2,0,2,2,1,Wi-Fi 7,0,0,11/25/2024 20:35,11/25/2024 20:35
11,132,LGA1851,ATX,Intel Z890,256,DDR5,4,Black / Silver,1,0,2,1,0,4,4,1 x 2.5 Gb/s (Realtek Dragon RTL8125BG),Depends on CPU,2,0,2,2,1,None,0,0,11/25/2024 20:35,11/25/2024 20:35
12,133,LGA1851,ITX,Intel Z890,128,DDR5,2,Black,1,0,0,0,0,2,1,1 x 2.5 Gb/s (Realtek),Depends on CPU,1,0,1,1,0,Wi-Fi 7,0,0,11/25/2024 20:35,11/25/2024 20:35
13,134,LGA1851,ATX,Intel Z890,256,DDR5,4,Black / Silver,1,0,2,1,0,4,4,1 x 2.5 Gb/s (Realtek Dragon RTL8125BG),Depends on CPU,2,0,2,2,1,Wi-Fi 6E,0,0,11/25/2024 20:35,11/25/2024 20:35
14,135,LGA1851,MATX,Intel Z890,192,DDR5,4,Black / Silver,4,0,0,0,0,6,3,1 x 2.5 Gb/s (Realtek),Depends on CPU,2,0,1,1,0,Wi-Fi 7,0,0,11/25/2024 20:35,11/25/2024 20:35
15,136,LGA1851,ATX,Intel Z890,192,DDR5,4,Black,2,0,1,2,0,4,4,1 x 2.5 Gb/s (Intel),Depends on CPU,2,0,1,1,1,Wi-Fi 7,0,0,11/25/2024 20:35,11/25/2024 20:35
16,137,LGA1851,MATX,Intel Z890,256,DDR5,4,White / Silver,2,0,0,0,0,4,0,1 x 2.5 Gb/s (Realtek),Depends on CPU,2,0,1,1,0,Wi-Fi 7,0,0,11/25/2024 20:35,11/25/2024 20:35
17,138,LGA1851,ATX,Intel Z890,96,DDR5,2,White,2,0,2,0,0,4,6,1 x 5 Gb/s (Realtek),Depends on CPU,2,0,2,2,1,Wi-Fi 7,0,0,11/25/2024 20:35,11/25/2024 20:35
18,139,LGA1851,ATX,Intel Z890,256,DDR5,4,Black / Silver,3,0,0,1,0,4,4,1 x 5 Gb/s (Realtek 8126),Depends on CPU,2,0,2,2,0,Wi-Fi 7,0,0,11/25/2024 20:35,11/25/2024 20:35
19,140,LGA1851,ATX,Intel Z890,256,DDR5,4,Black,3,0,0,0,0,4,5,"1 x 5 Gb/s (Intel Killer E5000B)','1 x 2.5 Gb/s (Intel I226-V)",Depends on CPU,2,0,2,2,1,Wi-Fi 7,0,0,11/25/2024 20:35,11/25/2024 20:35
20,141,LGA1851,ATX,Intel Z890,192,DDR5,4,Black / Silver,4,0,0,0,0,4,4,1 x 2.5 Gb/s (Realtek),Depends on CPU,2,0,2,2,0,Wi-Fi 7,0,0,11/25/2024 20:35,11/25/2024 20:35
21,142,LGA1851,ATX,Intel Z890,256,DDR5,4,Black / Gold,3,0,0,0,0,4,5,"1 x 10 Gb/s (Marvell AQtion AQC113CS)','1 x 5 Gb/s (Intel Killer E5000B)",Depends on CPU,2,0,2,2,1,Wi-Fi 7,0,0,11/25/2024 20:35,11/25/2024 20:35
22,143,LGA1851,ATX,Intel Z890,256,DDR5,4,Silver / Black,3,0,0,0,0,4,3,1 x 2.5 Gb/s (Realtek),Depends on CPU,2,0,1,1,0,Wi-Fi 7,0,0,11/25/2024 20:35,11/25/2024 20:35
23,144,LGA1851,ATX,Intel Z890,256,DDR5,4,Black / Gray,4,0,0,0,0,4,0,1 x 2.5 Gb/s (Realtek),Depends on CPU,2,0,1,1,0,Wi-Fi 6E,0,0,11/25/2024 20:35,11/25/2024 20:35
24,145,LGA1851,MATX,Intel Z890,256,DDR5,4,Black / Silver,1,0,0,0,0,4,3,1 x 2.5 Gb/s (Killer E3100G),Depends on CPU,2,0,1,1,1,Wi-Fi 6E,0,0,11/25/2024 20:35,11/25/2024 20:35
25,146,LGA1851,ATX,Intel Z890,192,DDR5,4,Black,2,0,0,0,0,4,5,1 x 2.5 Gb/s (Intel),Depends on CPU,2,0,2,2,1,Wi-Fi 7,0,0,11/25/2024 20:35,11/25/2024 20:35
26,147,LGA1851,ATX,Intel Z890,192,DDR5,4,White,2,0,1,2,0,4,4,1 x 2.5 Gb/s (Intel),Depends on CPU,2,0,1,1,0,Wi-Fi 7,0,0,11/25/2024 20:35,11/25/2024 20:35
27,148,LGA1851,ATX,Intel Z890,256,DDR5,4,Silver / White,2,0,0,1,0,4,5,1 x 5 Gb/s (Intel Killer E5000B),Depends on CPU,2,0,1,1,1,Wi-Fi 7,0,0,11/25/2024 20:35,11/25/2024 20:35
28,149,LGA1851,EATX,Intel Z890,256,DDR5,4,White,3,0,0,0,0,4,6,"1 x 10 Gb/s (Marvell AQtion AQC113)','1 x 5 Gb/s (Realtek RTL8126)",Depends on CPU,2,0,2,2,2,Wi-Fi 7,0,0,11/25/2024 20:35,11/25/2024 20:35
29,150,LGA1851,ATX,Intel Z890,256,DDR5,4,Black / Silver,3,0,0,0,0,4,4,1 x 10 Gb/s (Marvell AQtion AQC113C),Depends on CPU,2,0,0,0,1,Wi-Fi 7,0,0,11/25/2024 20:35,11/25/2024 20:35
30,151,LGA1851,ATX,Intel Z890,256,DDR5,4,White / Silver,3,0,0,0,0,4,2,1 x 2.5 Gb/s (Realtek),Depends on CPU,2,0,1,1,0,Wi-Fi 7,0,0,11/25/2024 20:35,11/25/2024 20:35
31,152,LGA1851,ATX,Intel Z890,256,DDR5,4,White / Silver,1,0,2,1,0,4,4,1 x 2.5 Gb/s (Realtek Dragon RTL8125BG),Depends on CPU,2,0,1,1,1,Wi-Fi 6E,0,0,11/25/2024 20:35,11/25/2024 20:35
32,153,LGA1851,ATX,Intel Z890,256,DDR5,4,White / Silver,3,0,0,0,0,4,3,1 x 5 Gb/s (Realtek),Depends on CPU,2,0,1,1,1,Wi-Fi 7,0,0,11/25/2024 20:35,11/25/2024 20:35
33,154,LGA1851,ATX,Intel Z890,256,DDR5,4,Silver / Black,3,0,0,0,0,4,4,1 x 2.5 Gb/s (Realtek Dragon RTL8125BG),Depends on CPU,2,0,2,2,1,Wi-Fi 7,0,0,11/25/2024 20:35,11/25/2024 20:35
34,155,LGA1851,ATX,Intel Z890,256,DDR5,4,Black,2,0,0,0,0,4,6,"1 x 5 Gb/s (Realtek 8126)','1 x 2.5 Gb/s (Killer E3100G)",Depends on CPU,2,0,2,2,1,Wi-Fi 7,0,0,11/25/2024 20:35,11/25/2024 20:35
35,156,LGA1851,ATX,Intel Z890,256,DDR5,4,Black / Silver,4,0,0,0,0,4,3,1 x 2.5 Gb/s (Realtek 8125D),Depends on CPU,2,0,1,1,1,Wi-Fi 7,0,0,11/25/2024 20:35,11/25/2024 20:35
36,157,LGA1851,ATX,Intel Z890,256,DDR5,4,Silver / White,3,0,0,0,0,4,3,2 x 2.5 Gb/s (Intel),Depends on CPU,2,0,1,1,1,Wi-Fi 7,0,0,11/25/2024 20:35,11/25/2024 20:35
37,158,LGA1851,ATX,Intel Z890,256,DDR5,4,Black / Silver,3,0,0,0,0,4,4,1 x 5 Gb/s (Realtek 8126),Depends on CPU,2,0,1,1,1,Wi-Fi 7,0,0,11/25/2024 20:35,11/25/2024 20:35
38,159,LGA1851,ATX,Intel Z890,256,DDR5,4,Silver / Black,3,0,0,0,0,4,3,1 x 2.5 Gb/s (Realtek),Depends on CPU,2,0,1,1,0,Wi-Fi 7,0,0,11/25/2024 20:35,11/25/2024 20:35
39,160,LGA1851,ATX,Intel Z890,256,DDR5,4,Silver,2,0,1,0,0,4,4,1 x 2.5 Gb/s (Realtek Dragon RTL8125BG),Depends on CPU,2,0,2,2,1,Wi-Fi 7,0,0,11/25/2024 20:35,11/25/2024 20:35
40,161,LGA1851,ATX,Intel Z890,192,DDR5,4,White,4,0,0,0,0,4,4,1 x 2.5 Gb/s (Realtek),Depends on CPU,2,0,2,2,1,Wi-Fi 6,0,0,11/25/2024 20:35,11/25/2024 20:35
41,162,LGA1851,ITX,Intel Z890,128,DDR5,2,White,1,0,0,0,0,2,4,1 x 5 Gb/s (Intel Killer E5000B),Depends on CPU,1,0,1,1,1,Wi-Fi 7,0,0,11/25/2024 20:35,11/25/2024 20:35
42,163,LGA1851,ATX,Intel Z890,256,DDR5,4,Silver / Black,1,0,2,1,0,4,4,1 x 2.5 Gb/s (Realtek Dragon RTL8125BG),Depends on CPU,2,0,2,2,1,None,0,0,11/25/2024 20:35,11/25/2024 20:35
43,164,LGA1851,ATX,Intel Z890,256,DDR5,4,Black,2,0,1,0,0,4,4,1 x 2.5 Gb/s (Killer E3100G),Depends on CPU,2,0,2,2,1,Wi-Fi 7,0,0,11/25/2024 20:35,11/25/2024 20:35
44,165,LGA1851,ATX,Intel Z890,256,DDR5,4,Black / Gold,2,0,0,0,0,4,6,"1 x 2.5 Gb/s (Realtek Dragon RTL8125BG)','1 x 5 Gb/s (Realtek 8126)",Depends on CPU,2,0,2,2,1,Wi-Fi 7,0,0,11/25/2024 20:35,11/25/2024 20:35
45,166,LGA1851,ATX,Intel Z890,128,DDR5,2,Black / Gold,2,0,1,0,0,4,6,1 x 5 Gb/s (Realtek 8126),Depends on CPU,1,0,2,2,1,Wi-Fi 7,0,0,11/25/2024 20:35,11/25/2024 20:35
46,167,LGA1851,ATX,Intel Z890,256,DDR5,4,White / Silver,3,0,0,0,0,4,4,1 x 2.5 Gb/s (Realtek),Depends on CPU,2,0,1,1,1,Wi-Fi 7,0,0,11/25/2024 20:35,11/25/2024 20:35
47,168,LGA1851,ATX,Intel Z890,256,DDR5,4,Silver / Black,1,0,2,1,0,4,4,1 x 2.5 Gb/s (Realtek Dragon RTL8125BG),Depends on CPU,2,0,2,2,1,Wi-Fi 6E,0,0,11/25/2024 20:35,11/25/2024 20:35
48,169,LGA1851,ATX,Intel Z890,256,DDR5,4,Silver / Black,2,0,0,0,0,4,6,"1 x 5 Gb/s (Realtek 8126)','1 x 2.5 Gb/s (Realtek Dragon RTL8125BG)",Depends on CPU,2,0,2,2,1,Wi-Fi 7,0,0,11/25/2024 20:35,11/25/2024 20:35
49,170,LGA1851,ATX,Intel Z890,128,DDR5,2,Black,3,0,0,1,0,6,6,1 x 5 Gb/s (Intel Killer E5000B),Depends on CPU,2,0,2,2,1,Wi-Fi 7,0,0,11/25/2024 20:35,11/25/2024 20:35
50,171,LGA1851,ATX,Intel Z890,256,DDR5,4,Black,2,0,0,1,0,4,5,1 x 2.5 Gb/s (Killer E3100G),Depends on CPU,2,0,2,2,1,Wi-Fi 7,0,0,11/25/2024 20:35,11/25/2024 20:35
51,172,LGA1700,ATX,Intel Z790,192,DDR5,4,Black / Silver,2,0,0,1,0,4,5,1 x 2.5 Gb/s (Intel),Depends on CPU,2,0,1,1,1,Wi-Fi 7,0,0,11/25/2024 21:07,11/25/2024 21:07
52,173,LGA1700,ATX,Intel Z790,192,DDR5,4,Black,3,0,1,1,0,4,4,1 x 2.5 Gb/s (Intel),Depends on CPU,2,0,1,1,1,Wi-Fi 6E,0,0,11/25/2024 21:07,11/25/2024 21:07
53,174,LGA1700,ATX,Intel Z790,192,DDR5,4,Black,3,0,0,0,0,4,5,1 x 2.5 Gb/s (Intel),Depends on CPU,3,0,2,2,1,Wi-Fi 7,0,0,11/25/2024 21:07,11/25/2024 21:07
54,175,LGA1700,ITX,Intel Z690,96,DDR5,2,Black / Silver,1,0,0,0,0,4,2,1 x 2.5 Gb/s (Intel),Depends on CPU,1,0,1,1,1,Wi-Fi 6E,0,0,11/25/2024 21:07,11/25/2024 21:07
55,176,LGA1700,ATX,Intel Z790,192,DDR5,4,Black,2,0,1,0,0,4,5,1 x 2.5 Gb/s (Intel),Depends on CPU,2,0,2,2,1,Wi-Fi 7,0,0,11/25/2024 21:07,11/25/2024 21:07
56,177,LGA1700,ITX,Intel B760,96,DDR5,2,Black,1,0,0,0,0,4,2,1 x 2.5 Gb/s (Intel),Depends on CPU,1,0,1,1,0,Wi-Fi 6E,0,0,11/25/2024 21:07,11/25/2024 21:07
57,178,LGA1700,ATX,Intel Z790,192,DDR5,4,Black / Gray,2,0,1,2,0,4,4,1 x 2.5 Gb/s (Intel),Depends on CPU,2,0,1,1,0,Wi-Fi 6E,0,0,11/25/2024 21:07,11/25/2024 21:07
58,179,LGA1700,ATX,Intel B760,192,DDR5,4,Black,2,0,0,2,0,4,3,1 x 2.5 Gb/s (Realtek),Depends on CPU,2,0,1,1,0,Wi-Fi 6,0,0,11/25/2024 21:07,11/25/2024 21:07
59,180,LGA1700,ATX,Intel Z790,192,DDR5,4,Black / Silver,4,0,0,1,0,4,3,1 x 2.5 Gb/s (Realtek),Depends on CPU,2,0,2,2,1,Wi-Fi 6,0,0,11/25/2024 21:07,11/25/2024 21:07
60,181,LGA1700,ATX,Intel Z790,192,DDR5,4,Black,2,0,0,1,0,4,5,1 x 2.5 Gb/s (Intel),Depends on CPU,2,0,1,1,1,Wi-Fi 7,0,0,11/25/2024 21:07,11/25/2024 21:07
61,182,LGA1700,MATX,Intel B760,192,DDR5,4,Black / Orange,1,0,1,1,0,4,3,1 x 2.5 Gb/s (Realtek),Depends on CPU,2,0,1,1,0,Wi-Fi 6E,0,0,11/25/2024 21:07,11/25/2024 21:07
62,183,LGA1700,ATX,Intel B760,192,DDR5,4,Silver / Black,2,0,0,2,0,4,3,1 x 2.5 Gb/s (Intel),Depends on CPU,1,0,1,1,0,Wi-Fi 6E,0,0,11/25/2024 21:07,11/25/2024 21:07
63,184,LGA1700,ATX,Intel B760,192,DDR5,4,Black / Silver,2,0,0,2,0,4,3,1 x 2.5 Gb/s (Realtek),Depends on CPU,2,0,1,1,0,None,0,0,11/25/2024 21:07,11/25/2024 21:07
64,185,LGA1700,ATX,Intel Z790,192,DDR5,4,Black,2,0,0,1,0,4,4,1 x 2.5 Gb/s (Intel),Depends on CPU,2,0,1,1,1,Wi-Fi 6E,0,0,11/25/2024 21:07,11/25/2024 21:07
65,186,LGA1700,ATX,Intel Z790,192,DDR5,4,Silver / Black,4,0,0,1,0,4,3,1 x 1 Gb/s (Realtek),Depends on CPU,2,0,2,2,0,Wi-Fi 7,0,0,11/25/2024 21:07,11/25/2024 21:07
66,187,LGA1700,ATX,Intel Z690,192,DDR5,4,Black,3,0,0,1,0,6,3,1 x 2.5 Gb/s (Intel),Depends on CPU,2,0,1,1,1,Wi-Fi 6,0,0,11/25/2024 21:07,11/25/2024 21:07
67,188,LGA1700,MATX,Intel B660,128,DDR4,4,Silver / Black,3,0,0,0,0,4,2,1 x 1 Gb/s (Intel),Depends on CPU,2,0,2,2,0,Wi-Fi 6,0,0,11/25/2024 21:07,11/25/2024 21:07
68,189,LGA1700,ATX,Intel Z790,192,DDR5,4,Black,1,0,1,0,0,4,5,1 x 2.5 Gb/s (Intel),Depends on CPU,2,0,2,2,1,Wi-Fi 7,0,0,11/25/2024 21:07,11/25/2024 21:07
69,190,LGA1700,ATX,Intel Z790,192,DDR5,4,Black / Copper,3,0,0,0,0,8,4,1 x 10 Gb/s (Marvell AQtion),Depends on CPU,2,0,1,1,1,Wi-Fi 6E,0,0,11/25/2024 21:07,11/25/2024 21:07
70,191,LGA1700,ATX,Intel Z790,192,DDR5,4,Black / Silver,2,0,1,2,0,4,4,1 x 2.5 Gb/s (Intel),Depends on CPU,2,0,1,1,0,Wi-Fi 6E,0,0,11/25/2024 21:07,11/25/2024 21:07
71,192,LGA1700,ATX,Intel Z790,192,DDR5,4,Black,3,0,0,0,0,4,5,1 x 2.5 Gb/s (Intel),Depends on CPU,2,0,2,2,1,Wi-Fi 6E,0,0,11/25/2024 21:07,11/25/2024 21:07
72,193,LGA1700,MATX,Intel B760,128,DDR5,4,Silver / Black,4,0,0,0,0,6,2,1 x 2.5 Gb/s (Realtek),Depends on CPU,2,0,2,2,0,Wi-Fi 6,0,0,11/25/2024 21:07,11/25/2024 21:07
73,194,LGA1700,ATX,Intel Z790,192,DDR5,4,Black,3,0,0,0,0,6,3,1 x 2.5 Gb/s (Intel),Depends on CPU,2,0,2,2,1,Wi-Fi 6E,0,0,11/25/2024 21:07,11/25/2024 21:07
74,195,LGA1700,ITX,Intel H610,64,DDR4,2,Silver / Black,1,0,0,0,0,4,1,1 x 1 Gb/s (Realtek),Depends on CPU,1,0,1,1,0,None,0,0,11/25/2024 21:07,11/25/2024 21:07
75,196,LGA1700,ATX,Intel B760,192,DDR5,4,Black,2,0,0,2,0,4,3,1 x 2.5 Gb/s (Intel),Depends on CPU,2,0,1,1,0,Wi-Fi 6E,0,0,11/25/2024 21:07,11/25/2024 21:07
76,197,LGA1700,ATX,Intel B660,128,DDR4,4,Silver / Black,2,0,0,2,0,4,3,1 x 2.5 Gb/s (Realtek),Depends on CPU,2,0,1,1,0,None,0,0,11/25/2024 21:07,11/25/2024 21:07
77,198,LGA1700,ATX,Intel Z790,128,DDR4,4,Black,2,0,1,2,0,4,4,1 x 2.5 Gb/s (Intel),Depends on CPU,2,0,1,1,0,Wi-Fi 6,0,0,11/25/2024 21:07,11/25/2024 21:07
78,199,LGA1700,MATX,Intel H610,64,DDR4,2,Silver / Black,1,0,0,1,0,4,1,1 x 1 Gb/s (Realtek),Depends on CPU,1,0,1,1,0,None,0,0,11/25/2024 21:07,11/25/2024 21:07
79,200,LGA1700,ITX,Intel Z790,96,DDR5,2,Black,1,0,0,0,0,2,2,1 x 2.5 Gb/s (Intel),Depends on CPU,1,0,1,1,1,Wi-Fi 6E,0,0,11/25/2024 21:07,11/25/2024 21:07
80,201,LGA1700,ATX,Intel Z690,192,DDR5,4,Black / Gray,2,0,1,2,0,4,4,1 x 2.5 Gb/s (Intel),Depends on CPU,2,0,1,1,0,Wi-Fi 6,0,0,11/25/2024 21:07,11/25/2024 21:07
81,202,LGA1700,ATX,Intel B760,128,DDR4,4,Silver / Black,2,0,0,2,0,4,3,1 x 2.5 Gb/s (Realtek),Depends on CPU,2,0,1,1,0,None,0,0,11/25/2024 21:07,11/25/2024 21:07
82,203,LGA1700,MATX,Intel B760,192,DDR5,4,Black,2,0,0,1,0,4,3,1 x 2.5 Gb/s (Realtek),Depends on CPU,2,0,1,1,0,Wi-Fi 6,0,0,11/25/2024 21:07,11/25/2024 21:07
83,204,LGA1700,ATX,Intel Z790,128,DDR4,4,Black / Silver,3,0,0,1,0,4,4,1 x 2.5 Gb/s (Intel),Depends on CPU,2,0,1,1,1,Wi-Fi 6E,0,0,11/25/2024 21:07,11/25/2024 21:07
84,205,LGA1700,ATX,Intel Z790,192,DDR5,4,Silver / Black,2,0,1,0,0,4,4,1 x 2.5 Gb/s (Intel),Depends on CPU,2,0,1,1,0,Wi-Fi 7,0,0,11/25/2024 21:07,11/25/2024 21:07
85,206,LGA1700,ATX,Intel Z690,128,DDR4,4,Black / Silver,2,0,1,2,0,4,4,1 x 2.5 Gb/s (Intel),Depends on CPU,2,0,1,1,0,Wi-Fi 6,0,0,11/25/2024 21:07,11/25/2024 21:07
86,207,LGA1700,MATX,Intel Z790,192,DDR5,4,Silver / Black,2,0,0,2,0,4,3,1 x 1 Gb/s (Intel),Depends on CPU,2,0,1,1,0,None,0,0,11/25/2024 21:07,11/25/2024 21:07
87,208,LGA1700,MATX,Intel B760,128,DDR4,4,Black / Orange,2,0,0,1,0,4,2,1 x 2.5 Gb/s (Realtek),Depends on CPU,2,0,1,1,0,Wi-Fi 6,0,0,11/25/2024 21:07,11/25/2024 21:07
88,209,LGA1700,ATX,Intel B660,128,DDR4,4,Silver / Black,2,0,0,2,0,4,3,1 x 2.5 Gb/s (Intel),Depends on CPU,1,0,1,1,0,Wi-Fi 6,0,0,11/25/2024 21:07,11/25/2024 21:07
89,210,LGA1700,ATX,Intel B760,192,DDR4,4,Black / Orange,2,0,0,2,0,4,3,1 x 2.5 Gb/s (Realtek),Depends on CPU,2,0,1,1,0,Wi-Fi 6,0,0,11/25/2024 21:07,11/25/2024 21:07
90,211,LGA1700,MATX,Intel B660,64,DDR4,2,Silver / Black,1,0,0,2,0,4,2,1 x 1 Gb/s (Realtek),Depends on CPU,2,0,1,1,0,None,0,0,11/25/2024 21:07,11/25/2024 21:07
91,212,LGA1700,ATX,Intel Z690,192,DDR5,4,Silver / Black,3,0,0,0,0,6,3,1 x 10 Gb/s (Marvell),Depends on CPU,2,0,2,2,1,Wi-Fi 6,0,0,11/25/2024 21:07,11/25/2024 21:07
92,213,LGA1700,MATX,Intel B760,64,DDR4,2,Silver / Black,1,0,0,2,0,4,2,1 x 2.5 Gb/s (Realtek),Depends on CPU,1,0,1,1,0,None,0,0,11/25/2024 21:07,11/25/2024 21:07
93,214,LGA1700,ATX,Intel Z690,128,DDR4,4,Silver / Black,4,0,0,1,0,4,3,1 x 2.5 Gb/s (Realtek),Depends on CPU,2,0,2,2,0,None,0,0,11/25/2024 21:07,11/25/2024 21:07
94,215,LGA1700,MATX,Intel H610,64,DDR4,2,Silver / Black,1,0,0,1,0,4,2,1 x 1 Gb/s (Realtek),Depends on CPU,2,0,1,1,0,None,0,0,11/25/2024 21:07,11/25/2024 21:07
95,216,LGA1700,ATX,Intel Z790,192,DDR5,4,Silver / Black,3,0,0,1,0,4,4,1 x 2.5 Gb/s (Intel),Depends on CPU,2,0,1,1,1,Wi-Fi 6E,0,0,11/25/2024 21:07,11/25/2024 21:07
96,217,LGA1700,ATX,Intel Z790,192,DDR5,4,Black,3,0,0,1,0,4,4,1 x 2.5 Gb/s (Intel),Depends on CPU,2,0,1,1,1,Wi-Fi 6E,0,0,11/25/2024 21:07,11/25/2024 21:07
97,218,LGA1700,ATX,Intel Z690,192,DDR5,4,Black / Silver,2,0,0,1,0,6,4,1 x 2.5 Gb/s (Intel),Depends on CPU,2,0,1,1,1,Wi-Fi 6,0,0,11/25/2024 21:07,11/25/2024 21:07
98,219,LGA1700,ATX,Intel Z690,192,DDR5,4,Silver / Black,2,0,1,2,0,4,4,1 x 2.5 Gb/s (Intel),Depends on CPU,2,0,1,1,0,None,0,0,11/25/2024 21:07,11/25/2024 21:07
99,220,LGA1700,ATX,Intel Z690,96,DDR5,2,Black / Silver,2,0,1,1,0,6,4,1 x 2.5 Gb/s (Intel),No,2,0,2,2,1,Wi-Fi 6,0,0,11/25/2024 21:07,11/25/2024 21:07
100,221,LGA1700,MATX,Intel B660,128,DDR4,4,Orange / Black,2,0,0,1,0,4,2,1 x 2.5 Gb/s (Realtek),Depends on CPU,2,0,1,1,0,None,0,0,11/25/2024 21:07,11/25/2024 21:07
101,222,LGA1700,ATX,Intel Z690,192,DDR5,4,Black / Silver,3,0,0,0,0,6,3,1 x 2.5 Gb/s (Intel),Depends on CPU,2,0,2,2,1,Wi-Fi 6,0,0,11/25/2024 21:07,11/25/2024 21:07
102,223,LGA1700,MATX,Intel B660,128,DDR4,4,Silver / Black,3,0,0,0,0,4,2,1 x 1 Gb/s (Intel),Depends on CPU,2,0,2,2,0,None,0,0,11/25/2024 21:07,11/25/2024 21:07
103,224,LGA1700,ATX,Intel B660,128,DDR4,4,Yellow / Black,2,0,0,2,0,4,3,1 x 2.5 Gb/s (Intel),Depends on CPU,2,0,1,1,0,Wi-Fi 6,0,0,11/25/2024 21:07,11/25/2024 21:07
104,225,LGA1700,MATX,Intel B660,128,DDR4,4,Black / Orange,2,0,0,1,0,4,2,1 x 2.5 Gb/s (Realtek),Depends on CPU,2,0,1,1,0,Wi-Fi 6,0,0,11/25/2024 21:07,11/25/2024 21:07
105,226,LGA1700,MATX,Intel B760,128,DDR4,4,Silver / Black,3,0,0,0,0,4,2,1 x 2.5 Gb/s (Realtek),Depends on CPU,2,0,2,2,0,None,0,0,11/25/2024 21:07,11/25/2024 21:07
106,227,LGA1700,ATX,Intel Z690,192,DDR5,4,Silver / Black,4,0,0,1,0,4,3,1 x 2.5 Gb/s (Realtek),Depends on CPU,2,0,2,2,0,Wi-Fi 6,0,0,11/25/2024 21:07,11/25/2024 21:07
107,228,LGA1700,ATX,Intel Z690,128,DDR4,4,Silver / Black,4,0,0,1,0,4,3,1 x 2.5 Gb/s (Realtek),Depends on CPU,2,0,2,2,0,Wi-Fi 6,0,0,11/25/2024 21:07,11/25/2024 21:07
108,229,LGA1700,MATX,Intel H610,64,DDR4,2,Silver / Black,1,0,0,1,0,4,2,1 x 1 Gb/s (Realtek),Depends on CPU,2,0,1,1,0,None,0,0,11/25/2024 21:07,11/25/2024 21:07
109,230,LGA1700,ATX,Intel B760,128,DDR4,4,Black / Copper,2,0,0,1,0,4,3,1 x 2.5 Gb/s (Realtek),Depends on CPU,2,0,1,1,1,None,0,0,11/25/2024 21:07,11/25/2024 21:07
110,231,LGA1700,MATX,Intel H610,64,DDR4,2,Silver / Black,1,0,0,1,0,4,2,1 x 1 Gb/s (Intel),Depends on CPU,2,0,1,1,0,None,0,0,11/25/2024 21:07,11/25/2024 21:07
111,232,LGA1700,MATX,Intel Z790,128,DDR4,4,Black / Silver,2,0,0,2,0,4,3,1 x 1 Gb/s (Intel),Depends on CPU,2,0,1,1,0,None,0,0,11/25/2024 21:07,11/25/2024 21:07
112,233,LGA1700,ATX,Intel Z690,128,DDR5,4,Purple / Green,3,0,0,0,0,6,3,1 x 2.5 Gb/s (Intel),Depends on CPU,2,0,1,1,1,Wi-Fi 6,0,0,11/25/2024 21:07,11/25/2024 21:07
113,234,LGA1700,ATX,Intel B760,128,DDR4,4,Silver / Black,2,0,0,2,0,4,3,1 x 2.5 Gb/s (Intel),Depends on CPU,1,0,1,1,0,Wi-Fi 6E,0,0,11/25/2024 21:07,11/25/2024 21:07
114,235,LGA1700,MATX,Intel B660,192,DDR5,4,Yellow / Black,2,0,0,1,0,4,2,1 x 2.5 Gb/s (Realtek),Depends on CPU,2,0,1,1,0,Wi-Fi 6,0,0,11/25/2024 21:07,11/25/2024 21:07
115,236,LGA1700,ATX,Intel B660,128,DDR4,4,Black,2,0,0,1,0,4,3,1 x 2.5 Gb/s (Realtek),Depends on CPU,2,0,1,1,1,None,0,0,11/25/2024 21:07,11/25/2024 21:07
116,237,LGA1700,ATX,Intel Z690,192,DDR5,4,Black / Copper,3,0,0,0,0,8,4,1 x 2.5 Gb/s (Intel),Depends on CPU,2,0,1,1,1,Wi-Fi 6,0,0,11/25/2024 21:07,11/25/2024 21:07
117,238,LGA1700,MATX,Intel B760,128,DDR4,4,Black / Orange,2,0,0,1,0,4,2,1 x 2.5 Gb/s (Realtek),Depends on CPU,2,0,1,1,0,None,0,0,11/25/2024 21:07,11/25/2024 21:07
118,239,LGA1700,ATX,Intel Z790,128,DDR4,4,Black,2,0,1,2,0,4,4,1 x 2.5 Gb/s (Intel),Depends on CPU,2,0,1,1,0,None,0,0,11/25/2024 21:07,11/25/2024 21:07
119,240,LGA1700,ATX,Intel H770,128,DDR4,4,Silver / Black,3,0,0,2,0,4,3,1 x 2.5 Gb/s (Realtek),Depends on CPU,1,0,2,2,0,None,0,0,11/25/2024 21:07,11/25/2024 21:07
120,241,LGA1700,ATX,Intel H670,128,DDR4,4,Gray / Black,2,0,0,2,0,4,4,1 x 2.5 Gb/s (Intel),Depends on CPU,2,0,1,1,0,Wi-Fi 6,0,0,11/25/2024 21:07,11/25/2024 21:07
121,242,LGA1700,MATX,Intel B760,192,DDR5,4,Green / Black,1,0,0,2,0,4,2,1 x 1 Gb/s (Intel),Depends on CPU,2,0,1,1,0,None,0,0,11/25/2024 21:07,11/25/2024 21:07
122,243,AM5,ATX,AMD B650,192,DDR5,4,Black / Silver,2,0,0,2,0,4,3,1 x 2.5 Gb/s (Intel),Depends on CPU,2,0,1,1,0,Wi-Fi 6E,0,0,11/25/2024 21:07,11/25/2024 21:07
123,244,AM5,ATX,AMD B650E,192,DDR5,4,Black,2,0,0,2,0,4,3,1 x 2.5 Gb/s (Intel I225-V),Depends on CPU,2,0,1,1,0,Wi-Fi 6E,0,0,11/25/2024 21:07,11/25/2024 21:07
124,245,AM5,ITX,AMD B650E,96,DDR5,2,Black,1,0,0,0,0,2,2,1 x 2.5 Gb/s (Intel),Depends on CPU,1,0,1,1,0,Wi-Fi 6E,0,0,11/25/2024 21:07,11/25/2024 21:07
125,246,AM5,ATX,AMD B650,128,DDR5,4,Black,2,0,0,2,0,4,3,1 x 2.5 Gb/s (Realtek),Depends on CPU,2,0,1,1,0,Wi-Fi 6,0,0,11/25/2024 21:07,11/25/2024 21:07
126,247,AM5,ATX,AMD X870E,192,DDR5,4,Black,2,0,0,0,0,4,5,1 x 2.5 Gb/s (Intel),Depends on CPU,2,0,2,2,2,Wi-Fi 7,0,0,11/25/2024 21:07,11/25/2024 21:07
127,248,AM5,ATX,AMD B650,192,DDR5,4,Black / Orange,2,0,0,1,0,4,3,1 x 2.5 Gb/s (Realtek),Depends on CPU,2,0,1,1,1,Wi-Fi 6E,0,0,11/25/2024 21:07,11/25/2024 21:07
128,249,AM5,MATX,AMD B650,192,DDR5,4,Black,2,0,0,1,0,4,2,1 x 2.5 Gb/s (Realtek),Depends on CPU,2,0,1,1,0,Wi-Fi 6,0,0,11/25/2024 21:07,11/25/2024 21:07
129,250,AM5,ATX,AMD X870,192,DDR5,4,White,2,0,0,0,0,2,4,1 x 2.5 Gb/s (Intel),Depends on CPU,2,0,2,2,1,Wi-Fi 7,0,0,11/25/2024 21:07,11/25/2024 21:07
130,251,AM5,ATX,AMD X870E,192,DDR5,4,Black,2,0,0,0,0,4,5,1 x 5 Gb/s (Realtek),Depends on CPU,3,0,2,2,1,Wi-Fi 7,0,0,11/25/2024 21:07,11/25/2024 21:07
131,252,AM5,ATX,AMD X870E,192,DDR5,4,Black / Gold,3,0,0,0,0,4,4,1 x 10 Gb/s (Marvell AQtion),Depends on CPU,3,0,1,1,1,Wi-Fi 7,0,0,11/25/2024 21:07,11/25/2024 21:07
132,253,AM5,ATX,AMD X670E,192,DDR5,4,Black / Silver,3,0,0,0,0,4,4,1 x 2.5 Gb/s (Intel),Depends on CPU,3,0,1,1,1,Wi-Fi 6E,0,0,11/25/2024 21:07,11/25/2024 21:07
133,254,AM5,ATX,AMD X670E,192,DDR5,4,Black / Orange,2,0,1,0,0,4,4,1 x 2.5 Gb/s (Realtek),Depends on CPU,3,0,1,1,0,Wi-Fi 6E,0,0,11/25/2024 21:07,11/25/2024 21:07
134,255,AM5,ATX,AMD B650,192,DDR5,4,Black / Silver,2,0,0,2,0,4,2,1 x 2.5 Gb/s (Realtek),Depends on CPU,2,0,1,1,0,None,0,0,11/25/2024 21:07,11/25/2024 21:07
135,256,AM5,MATX,AMD B650,192,DDR5,4,Black / Silver,4,0,0,0,0,8,2,1 x 2.5 Gb/s (Realtek),Depends on CPU,2,0,1,1,0,Wi-Fi 6,0,0,11/25/2024 21:07,11/25/2024 21:07
136,257,AM5,ATX,AMD X870,192,DDR5,4,Black,2,0,0,0,0,2,4,1 x 2.5 Gb/s (Realtek),Depends on CPU,2,0,1,1,1,Wi-Fi 7,0,0,11/25/2024 21:07,11/25/2024 21:07
137,258,AM5,ATX,AMD B650E,192,DDR5,4,Black,3,0,0,0,0,4,4,1 x 2.5 Gb/s (Intel),Depends on CPU,2,0,1,1,0,Wi-Fi 6E,0,0,11/25/2024 21:07,11/25/2024 21:07
138,259,AM5,ATX,AMD X670E,192,DDR5,4,Black / Silver,2,0,0,1,0,6,4,1 x 2.5 Gb/s (Intel),Depends on CPU,3,0,2,2,1,Wi-Fi 6E,0,0,11/25/2024 21:07,11/25/2024 21:07
139,260,AM5,ATX,AMD X670E,192,DDR5,4,Silver / Black,2,0,1,0,0,4,4,1 x 2.5 Gb/s (Realtek),Depends on CPU,3,0,1,1,0,Wi-Fi 6E,0,0,11/25/2024 21:07,11/25/2024 21:07
140,261,AM5,ITX,AMD X670E,96,DDR5,2,Black / Silver,1,0,0,0,0,2,2,1 x 2.5 Gb/s (Intel I225-V),Depends on CPU,2,0,1,1,0,Wi-Fi 6E,0,0,11/25/2024 21:07,11/25/2024 21:07
141,262,AM5,ATX,AMD X870,192,DDR5,4,Black,2,0,0,0,0,2,4,1 x 2.5 Gb/s (Intel),Depends on CPU,2,0,2,2,1,Wi-Fi 7,0,0,11/25/2024 21:07,11/25/2024 21:07
142,263,AM5,ATX,AMD X870,192,DDR5,4,Black / Silver,4,0,0,0,0,2,4,1 x 2.5 Gb/s (Realtek),Depends on CPU,2,0,1,1,0,Wi-Fi 7,0,0,11/25/2024 21:07,11/25/2024 21:07
143,264,AM5,MATX,AMD B650,192,DDR5,4,Black / Silver,3,0,0,0,0,4,2,1 x 2.5 Gb/s (Realtek),Depends on CPU,2,0,1,1,0,Wi-Fi 6,0,0,11/25/2024 21:07,11/25/2024 21:07
144,265,AM5,ATX,AMD X670E,192,DDR5,4,Black / Silver,2,0,0,1,0,4,4,1 x 2.5 Gb/s (Intel),Depends on CPU,2,0,1,1,1,Wi-Fi 6E,0,0,11/25/2024 21:07,11/25/2024 21:07
145,266,AM5,ATX,AMD B650,192,DDR5,4,Black / Silver,2,0,0,2,0,4,2,1 x 2.5 Gb/s (Realtek),Depends on CPU,2,0,1,1,0,Wi-Fi 6E,0,0,11/25/2024 21:07,11/25/2024 21:07
146,267,AM5,ATX,AMD X670E,192,DDR5,4,Black / Copper,3,0,0,0,0,4,4,1 x 2.5 Gb/s (Intel),Depends on CPU,3,0,1,1,1,Wi-Fi 6E,0,0,11/25/2024 21:07,11/25/2024 21:07
147,268,AM5,ATX,AMD X670E,192,DDR5,4,Silver / Black,2,0,0,1,0,4,4,1 x 2.5 Gb/s (Intel I225-V),Depends on CPU,2,0,1,1,1,Wi-Fi 6E,0,0,11/25/2024 21:07,11/25/2024 21:07
148,269,AM5,MATX,AMD A620,192,DDR5,4,Black / Orange,1,0,0,2,0,4,2,1 x 2.5 Gb/s (Realtek),Depends on CPU,2,0,1,1,0,Wi-Fi 6,0,0,11/25/2024 21:07,11/25/2024 21:07
149,270,AM5,ATX,AMD X670,192,DDR5,4,Silver / Black,3,0,0,1,0,6,3,1 x 2.5 Gb/s (Realtek),Depends on CPU,2,0,2,2,0,Wi-Fi 6,0,0,11/25/2024 21:07,11/25/2024 21:07
150,271,AM5,MATX,AMD A620,192,DDR5,4,Silver / Black,1,0,0,2,0,4,2,1 x 1 Gb/s (Realtek),Depends on CPU,2,0,1,1,0,None,0,0,11/25/2024 21:07,11/25/2024 21:07
151,272,AM5,ATX,AMD X670,192,DDR5,4,Silver / Black,3,0,0,1,0,6,3,1 x 2.5 Gb/s (Realtek),Depends on CPU,2,0,2,2,0,None,0,0,11/25/2024 21:07,11/25/2024 21:07
152,273,AM5,MATX,AMD B650,192,DDR5,4,Silver / Black,3,0,0,0,0,4,2,1 x 2.5 Gb/s (Realtek),No,2,0,1,1,0,None,0,0,11/25/2024 21:07,11/25/2024 21:07
153,274,AM5,MATX,AMD B650,192,DDR5,4,Green / Black,2,0,0,1,0,4,2,1 x 1 Gb/s (Realtek),Depends on CPU,2,0,1,1,0,None,0,0,11/25/2024 21:07,11/25/2024 21:07
154,275,AM5,MATX,AMD B650,128,DDR5,4,Silver / Black,3,0,0,0,0,4,2,1 x 2.5 Gb/s (Realtek),Depends on CPU,2,0,1,1,0,None,0,0,11/25/2024 21:07,11/25/2024 21:07
155,276,AM4,MATX,AMD B550,128,DDR4,4,Blue / Silver,1,0,0,2,0,4,2,1 x 1 Gb/s (Realtek),Depends on CPU,2,0,1,1,0,Wi-Fi 6,0,0,11/25/2024 21:07,11/25/2024 21:07
156,277,AM4,ATX,AMD B550,128,DDR4,4,Black / Red,2,0,0,3,0,6,2,1 x 2.5 Gb/s (Intel I225-V),Depends on CPU,2,0,1,1,0,Wi-Fi 6,0,0,11/25/2024 21:07,11/25/2024 21:07
157,278,AM4,ATX,AMD B550,128,DDR4,4,Black / Gray,2,0,0,3,0,6,2,1 x 2.5 Gb/s (Realtek),Depends on CPU,2,0,1,1,0,Wi-Fi 6,0,0,11/25/2024 21:07,11/25/2024 21:07
158,279,AM4,MATX,AMD B450,128,DDR4,4,Black,1,0,0,2,0,6,1,1 x 1 Gb/s (Realtek RTL8111H),Depends on CPU,2,0,1,1,0,None,0,0,11/25/2024 21:07,11/25/2024 21:07
159,280,AM4,ATX,AMD B550,128,DDR4,4,Black / White,2,0,0,3,0,6,2,1 x 2.5 Gb/s (Intel I225-V),Depends on CPU,2,0,1,1,0,None,0,0,11/25/2024 21:07,11/25/2024 21:07
160,281,AM4,ATX,AMD B550,128,DDR4,4,Black / White,2,0,0,3,0,6,2,1 x 1 Gb/s (Realtek RTL8111H),Depends on CPU,2,0,1,1,0,None,0,0,11/25/2024 21:07,11/25/2024 21:07
161,282,AM4,ATX,AMD X570,128,DDR4,4,Black / Gold,2,0,0,2,0,8,2,1 x 1 Gb/s (Realtek L8200A),Depends on CPU,2,0,1,1,0,Wi-Fi 5,0,0,11/25/2024 21:07,11/25/2024 21:07
162,283,AM4,MATX,AMD A520,128,DDR4,4,Black / Orange,1,0,0,2,0,4,1,1 x 1 Gb/s (Realtek),Depends on CPU,2,0,1,1,0,Wi-Fi 5,0,0,11/25/2024 21:07,11/25/2024 21:07
163,284,AM4,ATX,AMD B550,128,DDR4,4,Black,2,0,0,3,0,6,2,1 x 2.5 Gb/s (Intel I225-V),Depends on CPU,2,0,1,1,0,None,0,0,11/25/2024 21:07,11/25/2024 21:07
164,285,AM4,MATX,AMD B550,128,DDR4,4,Black / Gray,2,0,0,1,0,4,2,1 x 2.5 Gb/s (Realtek),Depends on CPU,2,0,1,1,0,Wi-Fi 6,0,0,11/25/2024 21:07,11/25/2024 21:07
165,286,AM4,ATX,AMD B450,128,DDR4,4,Black,3,0,0,3,0,6,2,1 x 1 Gb/s (Intel I211-AT),Depends on CPU,1,0,1,1,0,None,0,0,11/25/2024 21:07,11/25/2024 21:07
166,287,AM4,ATX,AMD B450,128,DDR4,4,Black,3,0,0,3,0,6,2,1 x 1 Gb/s,Depends on CPU,2,0,1,1,0,None,0,0,11/25/2024 21:07,11/25/2024 21:07
167,288,AM4,MATX,AMD B550,128,DDR4,4,Black / Silver,1,0,0,2,0,4,2,1 x 1 Gb/s (Realtek RTL8111H),Depends on CPU,2,0,1,1,0,Wi-Fi 5,0,0,11/25/2024 21:07,11/25/2024 21:07
168,289,AM4,MATX,AMD B450,64,DDR4,4,Black,1,0,0,2,0,6,1,1 x 1 Gb/s,Depends on CPU,2,0,1,1,0,None,0,0,11/25/2024 21:07,11/25/2024 21:07
169,290,AM4,MATX,AMD A520,128,DDR4,4,Silver / Black,1,0,0,2,0,4,1,1 x 1 Gb/s (Realtek),Depends on CPU,2,0,1,1,0,None,0,0,11/25/2024 21:07,11/25/2024 21:07
170,291,AM4,ATX,AMD B550,128,DDR4,4,Black,2,0,0,3,0,6,2,1 x 2.5 Gb/s (Realtek RTL8125B),Depends on CPU,2,0,1,1,0,None,0,0,11/25/2024 21:07,11/25/2024 21:07
171,292,AM4,ATX,AMD X570,128,DDR4,4,Black / Silver,3,0,0,1,0,8,2,1 x 1 Gb/s (Intel I211-AT),Depends on CPU,2,0,1,1,0,Wi-Fi 6,0,0,11/25/2024 21:07,11/25/2024 21:07
172,293,AM4,MATX,AMD B450,64,DDR4,2,Black,1,0,0,2,0,4,1,1 x 1 Gb/s (Realtek 8111H),Depends on CPU,2,0,1,1,0,None,0,0,11/25/2024 21:07,11/25/2024 21:07
173,294,AM4,MATX,AMD A520,64,DDR4,2,Black / Silver,1,0,0,2,0,4,1,1 x 1 Gb/s (Realtek RTL8111H),Depends on CPU,2,0,1,1,0,None,0,0,11/25/2024 21:07,11/25/2024 21:07
174,295,AM4,ATX,AMD X570,128,DDR4,4,Black,3,0,0,2,0,8,2,1 x 1 Gb/s (Intel I211-AT),Depends on CPU,2,0,1,1,0,Wi-Fi 6,0,0,11/25/2024 21:07,11/25/2024 21:07
175,296,AM4,MATX,AMD B550,128,DDR4,4,Black / White,1,0,0,2,0,4,2,1 x 1 Gb/s (Realtek RTL8111H),Depends on CPU,2,0,1,1,0,None,0,0,11/25/2024 21:07,11/25/2024 21:07
176,297,AM4,ITX,AMD B550,64,DDR4,2,Black,1,0,0,0,0,4,2,1 x 2.5 Gb/s (Intel I225-V),Depends on CPU,1,0,1,1,0,Wi-Fi 6,0,0,11/25/2024 21:07,11/25/2024 21:07
177,298,AM4,ATX,AMD B450,64,DDR4,4,Black / Silver,2,0,0,3,0,6,1,1 x 1 Gb/s,Depends on CPU,2,0,1,1,0,None,0,0,11/25/2024 21:07,11/25/2024 21:07
178,299,AM4,ATX,AMD B550,128,DDR4,4,Black,2,0,0,3,0,6,2,1 x 2.5 Gb/s (Intel I225-V),Depends on CPU,2,0,1,1,0,Wi-Fi 6,0,0,11/25/2024 21:07,11/25/2024 21:07
179,300,AM4,ATX,AMD X570,128,DDR4,4,Black / White,2,0,0,3,0,6,2,1 x 1 Gb/s,Depends on CPU,2,0,2,2,0,None,0,0,11/25/2024 21:07,11/25/2024 21:07
180,301,AM4,MATX,AMD B450,128,DDR4,4,Black,2,0,0,1,0,6,1,1 x 1 Gb/s,Depends on CPU,2,0,1,1,0,None,0,0,11/25/2024 21:07,11/25/2024 21:07
181,302,AM4,ATX,AMD X570,128,DDR4,4,Black / White,3,0,0,3,0,6,2,1 x 1 Gb/s,Depends on CPU,2,0,1,1,0,None,0,0,11/25/2024 21:07,11/25/2024 21:07
182,303,AM4,MATX,AMD B550,128,DDR4,4,Black,2,0,0,1,0,4,2,1 x 2.5 Gb/s (Realtek RTL8125B),Depends on CPU,2,0,1,1,0,None,0,0,11/25/2024 21:07,11/25/2024 21:07
183,304,AM4,ITX,AMD X570,64,DDR4,2,Black,1,0,0,0,0,4,2,1 x 1 Gb/s,Depends on CPU,1,0,1,1,0,Wi-Fi 6,0,0,11/25/2024 21:07,11/25/2024 21:07
184,305,AM4,ATX,AMD X570,128,DDR4,4,Black / Gold,2,0,0,3,0,8,2,1 x 1 Gb/s,Depends on CPU,2,0,1,1,0,None,0,0,11/25/2024 21:07,11/25/2024 21:07
185,306,AM4,ATX,AMD B450,128,DDR4,4,Black,2,0,0,3,0,6,2,1 x 1 Gb/s (Realtek L8200A),Depends on CPU,2,0,1,1,0,None,0,0,11/25/2024 21:07,11/25/2024 21:07
186,307,AM4,ATX,AMD B550,128,DDR4,4,Black,3,0,0,2,0,6,2,1 x 2.5 Gb/s (Intel I225-V),Depends on CPU,2,0,1,1,0,Wi-Fi 6,0,0,11/25/2024 21:07,11/25/2024 21:07
187,308,AM4,ATX,AMD X570,128,DDR4,4,Black,3,0,0,1,0,8,2,1 x 1 Gb/s,No,2,0,1,1,0,Wi-Fi 6,0,0,11/25/2024 21:07,11/25/2024 21:07
188,309,AM4,ATX,AMD X570,128,DDR4,4,Black,3,0,0,2,0,8,2,1 x 1 Gb/s,Depends on CPU,2,0,1,1,0,Wi-Fi 6,0,0,11/25/2024 21:07,11/25/2024 21:07
189,310,AM4,MATX,AMD B550,128,DDR4,4,Black / White,1,0,0,2,0,4,2,1 x 1 Gb/s (Realtek RTL8111H),Depends on CPU,2,0,1,1,0,None,0,0,11/25/2024 21:07,11/25/2024 21:07
190,311,AM4,MATX,AMD B450,64,DDR4,4,Black / Gold,2,0,0,1,0,6,1,1 x 1 Gb/s,Depends on CPU,2,0,1,1,0,None,0,0,11/25/2024 21:07,11/25/2024 21:07
191,312,AM4,ATX,AMD B450,64,DDR4,4,Black / Gold,2,0,0,3,0,6,1,1 x 1 Gb/s,Depends on CPU,2,0,1,1,0,None,0,0,11/25/2024 21:07,11/25/2024 21:07
192,313,AM4,ATX,AMD B550,128,DDR4,4,Black,2,0,0,3,0,6,2,1 x 2.5 Gb/s (Realtek RTL8125B),Depends on CPU,2,0,1,1,0,Wi-Fi 6,0,0,11/25/2024 21:07,11/25/2024 21:07
193,314,AM4,MATX,AMD B550,128,DDR4,4,Black / White,1,0,0,2,0,4,2,1 x 1 Gb/s (Realtek RTL8111H),Depends on CPU,2,0,1,1,0,None,0,0,11/25/2024 21:07,11/25/2024 21:07
194,315,AM4,ATX,AMD B550,128,DDR4,4,Black,2,0,0,3,0,6,2,1 x 2.5 Gb/s (Realtek RTL8125B),Depends on CPU,2,0,1,1,0,None,0,0,11/25/2024 21:07,11/25/2024 21:07
195,316,AM4,ATX,AMD B550,128,DDR4,4,Black,3,0,0,2,0,6,2,1 x 2.5 Gb/s (Intel I225-V),Depends on CPU,2,0,1,1,0,Wi-Fi 6,0,0,11/25/2024 21:07,11/25/2024 21:07
196,317,AM4,MATX,AMD B550,128,DDR4,4,Green,1,0,1,0,1,4,2,1 x 1 Gb/s (Realtek 8111H),Depends on CPU,1,0,2,2,0,None,0,0,11/25/2024 21:07,11/25/2024 21:07
197,318,AM4,MATX,AMD B550,128,DDR4,4,Black,2,0,0,1,0,4,2,1 x 2.5 Gb/s (Realtek RTL8125B),Depends on CPU,2,0,1,1,0,Wi-Fi 6,0,0,11/25/2024 21:07,11/25/2024 21:07
198,319,AM4,MATX,AMD A320,64,DDR4,4,Black / Gray,1,0,0,2,0,4,1,1 x 1 Gb/s,Depends on CPU,2,0,1,1,0,None,0,0,11/25/2024 21:07,11/25/2024 21:07
199,320,AM4,ATX,AMD X570,128,DDR4,4,Black / Gold,2,0,0,2,0,8,2,1 x 2.5 Gb/s,Depends on CPU,2,0,1,1,0,Wi-Fi 6,0,0,11/25/2024 21:07,11/25/2024 21:07
200,321,AM4,ATX,AMD X370,64,DDR4,4,Black,3,0,0,3,0,8,1,1 x 1 Gb/s,Depends on CPU,1,0,2,2,0,None,0,0,11/25/2024 21:07,11/25/2024 21:07
201,322,AM4,MATX,AMD A520,64,DDR4,2,Green / Black,1,0,0,2,1,4,1,1 x 1 Gb/s (Realtek),Depends on CPU,2,0,1,1,0,None,0,0,11/25/2024 21:07,11/25/2024 21:07
202,323,LGA1700,MATX,Intel B660,128,DDR4,4,Gray / Black,2,0,0,1,0,4,2,1 x 1 Gb/s (Intel I219-V),Depends on CPU,2,0,1,1,0,None,0,0,11/25/2024 22:58,11/25/2024 22:58
203,324,LGA1700,ATX,Intel B760,192,DDR5,4,White,3,0,0,1,0,4,3,1 x 2.5 Gb/s (Realtek Dragon RTL8125BG),Depends on CPU,1,0,1,1,0,Wi-Fi 6E,0,0,11/25/2024 22:58,11/25/2024 22:58
204,325,LGA1700,MATX,Intel B760,192,DDR5,4,Black / Blue,1,0,0,1,0,4,2,1 x 2.5 Gb/s (Realtek RTL8125BG),Depends on CPU,1,0,1,1,0,None,0,0,11/25/2024 22:58,11/25/2024 22:58
205,326,LGA1700,ATX,Intel Z790,192,DDR5,4,Silver / Black,2,0,0,2,0,8,4,1 x 2.5 Gb/s (Realtek RTL8125BG),Depends on CPU,2,0,2,2,1,Wi-Fi 6E,0,0,11/25/2024 22:58,11/25/2024 22:58
206,327,LGA1700,MATX,Intel B760,192,DDR5,4,Silver / Black,1,0,0,1,0,4,3,1 x 2.5 Gb/s (Realtek RTL8125BG),Depends on CPU,2,0,1,1,0,Wi-Fi 6E,0,0,11/25/2024 22:58,11/25/2024 22:58
207,328,LGA1700,ATX,Intel B760,128,DDR4,4,Silver / Black,3,0,0,1,0,4,3,1 x 2.5 Gb/s (Realtek RTL8125BG),Depends on CPU,1,0,1,1,0,None,0,0,11/25/2024 22:58,11/25/2024 22:58
208,329,LGA1700,ATX,Intel Z790,256,DDR5,4,Silver / Black,2,0,0,2,0,6,3,1 x 2.5 Gb/s (Killer E3100G),Depends on CPU,2,0,2,2,0,Wi-Fi 6E,0,0,11/25/2024 22:58,11/25/2024 22:58
209,330,LGA1700,MATX,Intel B760,96,DDR5,2,White / Black,1,0,0,2,0,4,2,1 x 2.5 Gb/s (Realtek RTL8125BG),Depends on CPU,2,0,1,1,0,None,0,0,11/25/2024 22:58,11/25/2024 22:58
210,331,LGA1700,MATX,Intel H610,64,DDR4,2,Gray / Black,1,0,0,1,0,4,0,1 x 1 Gb/s (Realtek 8111H),Depends on CPU,1,0,1,1,0,None,0,0,11/25/2024 22:58,11/25/2024 22:58
211,332,LGA1700,ATX,Intel Z790,192,DDR5,4,Silver / Black,2,0,0,2,0,8,4,1 x 2.5 Gb/s (Realtek RTL8125BG),Depends on CPU,2,0,2,2,1,None,0,0,11/25/2024 22:58,11/25/2024 22:58
212,333,LGA1700,MATX,Intel B760,192,DDR5,4,White,2,0,0,0,0,4,3,1 x 2.5 Gb/s (Realtek Dragon RTL8125BG),Depends on CPU,2,0,1,1,0,Wi-Fi 6E,0,0,11/25/2024 22:58,11/25/2024 22:58
213,334,LGA1700,ATX,Intel Z690,128,DDR4,4,Silver / Black,3,0,0,2,0,8,3,1 x 2.5 Gb/s (Realtek Dragon RTL8125BG),Depends on CPU,2,0,2,2,1,None,0,0,11/25/2024 22:58,11/25/2024 22:58
214,335,LGA1700,ITX,Intel B760,64,DDR4,2,Silver / Black,1,0,0,0,0,4,1,1 x 1 Gb/s (Realtek RTL8111H),Depends on CPU,2,0,1,1,0,Wi-Fi 6E,0,0,11/25/2024 22:58,11/25/2024 22:58
215,336,LGA1700,MATX,Intel H610,96,DDR5,2,White / Black,1,0,0,1,0,4,1,1 x 1 Gb/s (Realtek 8111H),Depends on CPU,1,0,1,1,0,None,0,0,11/25/2024 22:58,11/25/2024 22:58
216,337,LGA1700,MATX,Intel B760,64,DDR4,2,Silver / Black,1,0,0,2,0,4,2,1 x 1 Gb/s (Realtek RTL8111H),Depends on CPU,1,0,1,1,0,None,0,0,11/25/2024 22:58,11/25/2024 22:58
217,338,LGA1700,ITX,Intel Z690,96,DDR5,2,Black / Red,1,0,0,0,0,3,2,1 x 2.5 Gb/s (Killer E3100G),Depends on CPU,1,0,1,1,1,Wi-Fi 6,0,0,11/25/2024 22:58,11/25/2024 22:58
218,339,LGA1700,ATX,Intel Z790,192,DDR5,4,Black,2,0,0,1,0,4,6,1 x 2.5 Gb/s (Killer E3100G),Depends on CPU,2,0,2,2,1,Wi-Fi 7,0,0,11/25/2024 22:58,11/25/2024 22:58
219,340,LGA1700,MATX,Intel B660,64,DDR4,2,Gray / Black,1,0,0,2,0,4,2,1 x 1 Gb/s (Intel I219-V),Depends on CPU,2,0,1,1,0,None,0,0,11/25/2024 22:58,11/25/2024 22:58
220,341,LGA1700,MATX,Intel B760,128,DDR4,4,Silver / Black,2,0,0,1,0,4,2,1 x 2.5 Gb/s (Realtek RTL8125BG),Depends on CPU,2,0,1,1,0,Wi-Fi 6E,0,0,11/25/2024 22:58,11/25/2024 22:58
221,342,LGA1700,ATX,Intel H670,128,DDR4,4,Black,2,0,0,3,0,4,3,1 x 1 Gb/s (Intel I219-V),Depends on CPU,1,0,2,2,1,None,0,0,11/25/2024 22:58,11/25/2024 22:58
222,343,LGA1700,ATX,Intel H670,128,DDR4,4,Silver / Gray,2,0,0,3,0,4,3,1 x 2.5 Gb/s (Realtek Dragon RTL8125BG),Depends on CPU,1,0,2,2,1,None,0,0,11/25/2024 22:58,11/25/2024 22:58
223,344,LGA1700,ATX,Intel Z790,192,DDR5,4,Silver / Black,3,0,0,0,0,8,5,1 x 2.5 Gb/s (Realtek RTL8125BG),Depends on CPU,2,0,2,2,1,Wi-Fi 6E,0,0,11/25/2024 22:58,11/25/2024 22:58
224,345,LGA1700,MATX,Intel B760,192,DDR5,4,Black,1,0,0,1,0,4,2,1 x 2.5 Gb/s (Realtek RTL8125BG),Depends on CPU,1,0,1,1,0,Wi-Fi 6E,0,0,11/25/2024 22:58,11/25/2024 22:58
225,346,LGA1700,ITX,Intel B760,96,DDR5,2,Black,1,0,0,0,0,3,2,1 x 2.5 Gb/s (Realtek Dragon RTL8125BG),Depends on CPU,1,0,1,1,0,Wi-Fi 6E,0,0,11/25/2024 22:58,11/25/2024 22:58
226,347,LGA1700,ATX,Intel Z790,192,DDR5,4,Black,2,0,0,1,0,8,5,1 x 2.5 Gb/s (Killer E3100G),Depends on CPU,2,0,1,1,1,Wi-Fi 7,0,0,11/25/2024 22:58,11/25/2024 22:58
227,348,LGA1700,MATX,Intel H670,128,DDR4,4,Gray / Black,2,0,0,1,0,4,2,1 x 1 Gb/s (Intel I219-V),Depends on CPU,2,0,2,2,0,None,0,0,11/25/2024 22:58,11/25/2024 22:58
228,349,LGA1700,ITX,Intel H610,64,DDR4,2,Silver / Black,1,0,0,0,0,4,1,1 x 1 Gb/s (Intel I219-V),Depends on CPU,1,0,1,1,0,Wi-Fi 5,0,0,11/25/2024 22:58,11/25/2024 22:58
229,350,LGA1700,ATX,Intel Z790,192,DDR5,4,Black,2,0,0,3,0,4,4,1 x 2.5 Gb/s (Realtek Dragon RTL8125BG),Depends on CPU,1,0,2,2,0,None,0,0,11/25/2024 22:58,11/25/2024 22:58
230,351,LGA1700,ITX,Intel Z690,64,DDR4,2,Silver / Black,1,0,0,0,0,4,2,1 x 2.5 Gb/s (Realtek Dragon RTL8125BG),Depends on CPU,1,0,1,1,1,Wi-Fi 6,0,0,11/25/2024 22:58,11/25/2024 22:58
231,352,LGA1700,ATX,Intel Z690,192,DDR5,4,Silver / Black,3,0,0,2,0,6,4,1 x 2.5 Gb/s (Killer E3100G),Depends on CPU,1,0,2,2,1,Wi-Fi 6E,0,0,11/25/2024 22:58,11/25/2024 22:58
232,353,LGA1700,ITX,Intel Z790,96,DDR5,2,Black,1,0,0,0,0,3,2,1 x 2.5 Gb/s (Realtek Dragon RTL8125BG),Depends on CPU,1,0,1,1,0,Wi-Fi 6E,0,0,11/25/2024 22:58,11/25/2024 22:58
233,354,LGA1700,ITX,Intel Z790,96,DDR5,2,Black,1,0,0,0,0,4,2,1 x 2.5 Gb/s (Intel I226-V),Depends on CPU,1,0,1,1,1,Wi-Fi 6E,0,0,11/25/2024 22:58,11/25/2024 22:58
234,355,LGA1700,ATX,Intel B760,192,DDR5,4,Silver / Black,3,0,0,1,0,4,3,1 x 2.5 Gb/s (Realtek),Depends on CPU,1,0,1,1,0,None,0,0,11/25/2024 22:58,11/25/2024 22:58
235,356,LGA1700,ATX,Intel B760,192,DDR5,4,Black / Silver,3,0,0,1,0,4,3,1 x 2.5 Gb/s (Realtek Dragon RTL8125BG),Depends on CPU,1,0,1,1,0,Wi-Fi 6E,0,0,11/25/2024 22:58,11/25/2024 22:58
236,357,LGA1700,ATX,Intel Z790,192,DDR5,4,Black / Blue,2,0,0,1,0,8,5,1 x 2.5 Gb/s (Killer E3100X),Depends on CPU,2,0,1,1,1,None,0,0,11/25/2024 22:58,11/25/2024 22:58
237,358,LGA1700,ATX,Intel Z690,192,DDR5,4,Black / Copper,3,0,0,1,0,6,3,1 x 2.5 Gb/s (Killer E3100G),Depends on CPU,2,0,2,2,1,Wi-Fi 6,0,0,11/25/2024 22:58,11/25/2024 22:58
238,359,LGA1700,ATX,Intel Z690,192,DDR5,4,Silver / Black,3,0,0,2,0,8,3,1 x 2.5 Gb/s (Realtek Dragon RTL8125BG),Depends on CPU,2,0,2,2,1,Wi-Fi 6E,0,0,11/25/2024 22:58,11/25/2024 22:58
239,360,LGA1700,MATX,Intel Z790,128,DDR4,4,Black,2,0,0,1,0,4,2,1 x 1 Gb/s (Intel I219-V),Depends on CPU,2,0,1,1,0,None,0,0,11/25/2024 22:58,11/25/2024 22:58
240,361,LGA1700,MATX,Intel B760,128,DDR4,4,Black,2,0,0,1,0,4,2,1 x 1 Gb/s (Realtek 8111H),Depends on CPU,2,0,1,1,0,None,0,0,11/25/2024 22:58,11/25/2024 22:58
241,362,LGA1700,ITX,Intel Z790,96,DDR5,2,Black,1,0,0,0,0,3,3,1 x 2.5 Gb/s (Killer E3100X),Depends on CPU,1,0,1,1,1,Wi-Fi 6E,0,0,11/25/2024 22:58,11/25/2024 22:58
242,363,LGA1700,MATX,Intel H610,64,DDR4,2,Black / Silver,1,0,0,1,0,4,1,1 x 1 Gb/s (Realtek RTL8111H),Depends on CPU,1,0,1,1,0,None,0,0,11/25/2024 22:58,11/25/2024 22:58
243,364,LGA1700,MATX,Intel H610,64,DDR4,2,Silver / Black,1,0,0,2,0,4,1,1 x 1 Gb/s (Intel I219-V),Depends on CPU,1,0,1,1,0,Wi-Fi 5,0,0,11/25/2024 22:58,11/25/2024 22:58
244,365,LGA1700,ATX,Intel Z790,128,DDR4,4,Black,2,0,0,3,0,4,4,1 x 2.5 Gb/s (Realtek Dragon RTL8125BG),Depends on CPU,1,0,2,2,0,None,0,0,11/25/2024 22:58,11/25/2024 22:58
245,366,LGA1700,EATX,Intel Z790,192,DDR5,4,Black / Gray,3,0,0,0,0,8,5,1 x 2.5 Gb/s (Killer E3100G),Depends on CPU,2,0,2,2,1,Wi-Fi 6E,0,0,11/25/2024 22:58,11/25/2024 22:58
246,367,LGA1700,MATX,Intel Z690,128,DDR4,4,Silver / Black,2,0,0,1,0,4,2,1 x 1 Gb/s (Intel I219-V),Depends on CPU,2,0,2,2,0,None,0,0,11/25/2024 22:58,11/25/2024 22:58
247,368,LGA1700,ATX,Intel Z690,192,DDR5,4,Black,3,0,0,1,0,7,3,1 x 2.5 Gb/s (Killer E3100G),Depends on CPU,2,0,2,2,1,Wi-Fi 6,0,0,11/25/2024 22:58,11/25/2024 22:58
248,369,LGA1700,EATX,Intel Z790,192,DDR5,4,White / Black,3,0,0,0,0,8,5,1 x 2.5 Gb/s (Killer E3100G),Depends on CPU,2,0,2,2,1,Wi-Fi 6E,0,0,11/25/2024 22:58,11/25/2024 22:58
249,370,LGA1700,ATX,Intel Z790,192,DDR5,4,Purple / Black,3,0,0,1,0,4,5,1 x 2.5 Gb/s (Realtek RTL8125BG),Depends on CPU,2,0,2,2,1,None,0,0,11/25/2024 22:58,11/25/2024 22:58
250,371,LGA1700,EATX,Intel Z790,192,DDR5,4,Black / Gold,3,0,0,0,0,8,5,1 x 2.5 Gb/s (Killer E3100G),Depends on CPU,2,0,2,2,1,Wi-Fi 6E,0,0,11/25/2024 22:58,11/25/2024 22:58
251,372,LGA1700,ATX,Intel Z790,128,DDR4,4,Silver / Black,2,0,0,2,0,8,4,1 x 2.5 Gb/s (Realtek RTL8125BG),Depends on CPU,2,0,2,2,1,None,0,0,11/25/2024 22:58,11/25/2024 22:58
252,373,LGA1700,MATX,Intel H610,64,DDR4,2,Gray / Black,1,0,0,1,0,4,0,1 x 1 Gb/s (Realtek 8111H),Depends on CPU,1,0,1,1,0,None,0,0,11/25/2024 22:58,11/25/2024 22:58
253,374,LGA1700,MATX,Intel B760,96,DDR5,2,Black / Silver,1,0,0,2,0,4,2,1 x 2.5 Gb/s (Realtek Dragon RTL8125BG),Depends on CPU,2,0,1,1,0,None,0,0,11/25/2024 22:58,11/25/2024 22:58
254,375,AM5,ATX,AMD X870,256,DDR5,4,White,2,0,0,0,0,4,3,1 x 2.5 Gb/s (Realtek Dragon RTL8125BG),Depends on CPU,2,0,1,1,1,Wi-Fi 7,0,0,11/25/2024 22:58,11/25/2024 22:58
255,376,AM5,ITX,AMD A620,96,DDR5,2,Black,1,0,0,0,0,2,2,1 x 2.5 Gb/s (Realtek Dragon RTL8125BG),Depends on CPU,1,0,1,1,0,Wi-Fi 6E,0,0,11/25/2024 22:58,11/25/2024 22:58
256,377,AM5,ITX,AMD B650,96,DDR5,2,Black,1,0,0,0,0,2,2,1 x 2.5 Gb/s (Realtek Dragon RTL8125BG),Depends on CPU,1,0,1,1,0,Wi-Fi 6E,0,0,11/25/2024 22:58,11/25/2024 22:58
257,378,AM5,MATX,AMD B650,256,DDR5,4,Black / Silver,2,0,0,0,0,4,3,1 x 2.5 Gb/s (Realtek Dragon RTL8125BG),Depends on CPU,2,0,2,2,0,None,0,0,11/25/2024 22:58,11/25/2024 22:58
258,379,AM5,MATX,AMD B650,256,DDR5,4,Silver / Black,2,0,0,0,0,4,3,1 x 2.5 Gb/s (Realtek Dragon RTL8125BG),Depends on CPU,2,0,2,2,0,Wi-Fi 6E,0,0,11/25/2024 22:58,11/25/2024 22:58
259,380,AM5,ATX,AMD X870,256,DDR5,4,White,2,0,0,0,0,4,3,1 x 2.5 Gb/s (Realtek Dragon RTL8125BG),Depends on CPU,2,0,1,1,1,None,0,0,11/25/2024 22:58,11/25/2024 22:58
260,381,AM5,MATX,AMD B650,96,DDR5,2,Silver / Black,2,0,0,1,0,4,2,1 x 2.5 Gb/s (Realtek RTL8125BG),Depends on CPU,2,0,2,2,0,None,0,0,11/25/2024 22:58,11/25/2024 22:58
261,382,AM5,ITX,AMD B650E,96,DDR5,2,Black / Red,1,0,0,0,0,2,2,1 x 2.5 Gb/s (Killer E3100G),Depends on CPU,1,0,1,1,1,Wi-Fi 6E,0,0,11/25/2024 22:58,11/25/2024 22:58
262,383,AM5,ATX,AMD X870,256,DDR5,4,White,2,0,0,0,0,4,3,1 x 2.5 Gb/s (Realtek Dragon RTL8125BG),Depends on CPU,2,0,2,2,1,Wi-Fi 7,0,0,11/25/2024 22:58,11/25/2024 22:58
263,384,AM5,MATX,AMD B650,96,DDR5,2,Silver / Black,1,0,0,2,0,4,2,1 x 1 Gb/s (Realtek RTL8111H),Depends on CPU,2,0,1,1,0,None,0,0,11/25/2024 22:58,11/25/2024 22:58
264,385,AM5,ATX,AMD X670E,256,DDR5,4,Black,3,0,0,1,0,4,4,1 x 2.5 Gb/s (Realtek Dragon RTL8125BG),Depends on CPU,2,0,2,2,1,None,0,0,11/25/2024 22:58,11/25/2024 22:58
265,386,AM5,ATX,AMD X870,256,DDR5,4,Black / Purple,2,0,0,0,0,4,3,1 x 2.5 Gb/s (Killer E3100G),Depends on CPU,2,0,2,2,1,Wi-Fi 7,0,0,11/25/2024 22:58,11/25/2024 22:58
266,387,AM5,EATX,AMD X870E,256,DDR5,4,Black / Silver,2,0,0,0,0,6,4,1 x 5 Gb/s (Realtek 8126),Depends on CPU,2,0,2,2,1,Wi-Fi 7,0,0,11/25/2024 22:58,11/25/2024 22:58
267,388,AM5,ATX,AMD B650,256,DDR5,4,Black,2,0,0,2,0,4,3,1 x 2.5 Gb/s (Realtek Dragon RTL8125BG),Depends on CPU,2,0,1,1,0,None,0,0,11/25/2024 22:58,11/25/2024 22:58
268,389,AM5,MATX,AMD A620,256,DDR5,4,Silver / Black,1,0,0,0,0,4,3,1 x 1 Gb/s (Realtek RTL8111H),Depends on CPU,2,0,1,1,0,Wi-Fi 6E,0,0,11/25/2024 22:58,11/25/2024 22:58
269,390,AM5,MATX,AMD B650,256,DDR5,4,Black,2,0,0,2,0,4,2,1 x 2.5 Gb/s (Realtek Dragon RTL8125BG),Depends on CPU,2,0,2,2,0,Wi-Fi 6E,0,0,11/25/2024 22:58,11/25/2024 22:58
270,391,AM5,ATX,AMD B650,256,DDR5,4,Black / Silver,2,0,0,1,0,4,3,1 x 2.5 Gb/s (Realtek Dragon RTL8125BG),Depends on CPU,1,0,1,1,1,None,0,0,11/25/2024 22:58,11/25/2024 22:58
271,392,AM5,MATX,AMD A620,96,DDR5,2,Gray / Black,1,0,0,2,0,2,2,1 x 1 Gb/s (Realtek RTL8111H),Depends on CPU,2,0,1,1,0,None,0,0,11/25/2024 22:58,11/25/2024 22:58
272,393,AM5,EATX,AMD B650E,256,DDR5,4,Black / Gray,2,0,0,0,0,4,3,1 x 2.5 Gb/s (Killer E3100G),Depends on CPU,2,0,1,1,1,Wi-Fi 6E,0,0,11/25/2024 22:58,11/25/2024 22:58
273,394,AM5,ATX,AMD B650,256,DDR5,4,Orange / Black,3,0,0,0,0,2,3,1 x 2.5 Gb/s (Realtek Dragon RTL8125BG),Depends on CPU,2,0,1,1,1,None,0,0,11/25/2024 22:58,11/25/2024 22:58
274,395,AM5,MATX,AMD A620,256,DDR5,4,Silver / Black,1,0,0,0,0,4,3,1 x 1 Gb/s (Realtek RTL8111H),Depends on CPU,2,0,1,1,0,None,0,0,11/25/2024 22:58,11/25/2024 22:58
275,396,AM5,ATX,AMD X670E,256,DDR5,4,Black,1,0,0,2,0,6,5,1 x 2.5 Gb/s (Realtek Dragon RTL8125BG),Depends on CPU,2,0,2,2,1,Wi-Fi 6E,0,0,11/25/2024 22:58,11/25/2024 22:58
276,397,AM5,EATX,AMD B650E,256,DDR5,4,Black,2,0,0,0,0,4,3,1 x 2.5 Gb/s (Killer E3100G),Depends on CPU,2,0,1,1,1,Wi-Fi 6E,0,0,11/25/2024 22:58,11/25/2024 22:58
277,398,AM5,EATX,AMD X670E,256,DDR5,4,Black,2,0,0,0,0,8,4,1 x 2.5 Gb/s (Killer E3100G),Depends on CPU,2,0,2,2,1,Wi-Fi 6E,0,0,11/25/2024 22:58,11/25/2024 22:58
278,399,AM5,MATX,AMD B650,256,DDR5,4,Black,2,0,0,2,0,4,2,1 x 2.5 Gb/s (Realtek Dragon RTL8125BG),Depends on CPU,2,0,2,2,0,None,0,0,11/25/2024 22:58,11/25/2024 22:58
279,400,AM5,MATX,AMD A620,96,DDR5,2,Gray / Black,1,0,0,2,0,4,2,1 x 1 Gb/s (Realtek RTL8111H),Depends on CPU,2,0,1,1,0,None,0,0,11/25/2024 22:58,11/25/2024 22:58
280,401,AM5,ATX,AMD B650,256,DDR5,4,Silver / Black,2,0,0,1,0,4,3,1 x 2.5 Gb/s (Realtek Dragon RTL8125BG),Depends on CPU,1,0,1,1,1,Wi-Fi 6E,0,0,11/25/2024 22:58,11/25/2024 22:58
281,402,AM4,MATX,AMD B450,64,DDR4,2,Black / White,1,0,0,1,0,4,1,1 x 1 Gb/s,Depends on CPU,2,0,1,1,0,None,0,0,11/25/2024 22:58,11/25/2024 22:58
282,403,AM4,MATX,AMD B550,128,DDR4,4,Silver / Black,2,0,0,1,0,6,2,1 x 1 Gb/s (Realtek RTL8111H),Depends on CPU,2,0,2,2,0,None,0,0,11/25/2024 22:58,11/25/2024 22:58
283,404,AM4,MATX,AMD B450,128,DDR4,4,Black / Silver,2,0,0,0,0,4,1,1 x 1 Gb/s (Realtek RTL8111H),Depends on CPU,2,0,1,1,0,Wi-Fi 5,0,0,11/25/2024 22:58,11/25/2024 22:58
284,405,AM4,ITX,AMD A520,64,DDR4,2,Black / Silver,1,0,0,0,0,4,1,1 x 1 Gb/s (Realtek RTL8111H),Depends on CPU,1,0,1,1,0,Wi-Fi 5,0,0,11/25/2024 22:58,11/25/2024 22:58
285,406,AM4,ITX,AMD B550,64,DDR4,2,Silver / Black,1,0,0,0,0,4,1,1 x 1 Gb/s (Realtek RTL8111H),Depends on CPU,1,0,1,1,0,Wi-Fi 5,0,0,11/25/2024 22:58,11/25/2024 22:58
286,407,AM4,MATX,AMD B450,128,DDR4,4,Gray / Black,2,0,0,1,0,4,2,1 x 1 Gb/s (Realtek RTL8111H),Depends on CPU,2,0,1,1,0,None,0,0,11/25/2024 22:58,11/25/2024 22:58
287,408,AM4,ATX,AMD B550,128,DDR4,4,Silver / Black,2,0,0,2,0,4,1,1 x 1 Gb/s (Realtek RTL8111H),Depends on CPU,2,0,1,1,0,Wi-Fi 5,0,0,11/25/2024 22:58,11/25/2024 22:58
288,409,AM4,MATX,AMD B550,64,DDR4,2,Black,1,0,0,1,0,4,1,1 x 1 Gb/s (Realtek RTL8111H),Depends on CPU,2,0,1,1,0,None,0,0,11/25/2024 22:58,11/25/2024 22:58
289,410,AM4,MATX,AMD A520,64,DDR4,2,Black / Silver,1,0,0,1,0,4,1,1 x 1 Gb/s (Realtek RTL8111H),Depends on CPU,2,0,1,1,0,None,0,0,11/25/2024 22:58,11/25/2024 22:58
290,411,AM4,ATX,AMD B550,128,DDR4,4,Silver / Black,2,0,0,2,0,6,2,1 x 1 Gb/s (Realtek RTL8111H),Depends on CPU,2,0,1,1,0,None,0,0,11/25/2024 22:58,11/25/2024 22:58
291,412,AM4,ITX,AMD B550,64,DDR4,2,Silver / Black,1,0,0,0,0,4,2,1 x 2.5 Gb/s (Intel I225-V),Depends on CPU,1,0,1,1,0,Wi-Fi 6,0,0,11/25/2024 22:58,11/25/2024 22:58
292,413,AM4,MATX,AMD B550,128,DDR4,4,Black,2,0,0,1,0,4,2,1 x 2.5 Gb/s (Realtek Dragon RTL8125BG),Depends on CPU,2,0,1,1,0,None,0,0,11/25/2024 22:58,11/25/2024 22:58
293,414,AM4,MATX,AMD B450,64,DDR4,4,Black / White,2,0,0,1,0,4,2,1 x 1 Gb/s,Depends on CPU,2,0,1,1,0,None,0,0,11/25/2024 22:58,11/25/2024 22:58
294,415,AM4,ATX,AMD B450,64,DDR4,4,Black / Silver,2,0,0,4,0,6,2,1 x 1 Gb/s,Depends on CPU,2,0,1,1,0,None,0,0,11/25/2024 22:58,11/25/2024 22:58
295,416,AM4,MATX,AMD B550,128,DDR4,4,Silver / Black,2,0,0,1,0,6,2,1 x 2.5 Gb/s (Realtek RTL8125BG),Depends on CPU,2,0,2,2,0,None,0,0,11/25/2024 22:58,11/25/2024 22:58
296,417,AM4,ATX,AMD B550,128,DDR4,4,Silver / Black,2,0,0,2,0,6,2,1 x 2.5 Gb/s (Realtek Dragon RTL8125BG),Depends on CPU,2,0,1,1,0,None,0,0,11/25/2024 22:58,11/25/2024 22:58
297,418,AM4,ATX,AMD X570,128,DDR4,4,Black / Silver,2,0,0,2,0,8,2,1 x 1 Gb/s,Depends on CPU,1,0,2,2,0,None,0,0,11/25/2024 22:58,11/25/2024 22:58
298,419,AM4,ATX,AMD B550,128,DDR4,4,Silver / Black,2,0,0,2,0,6,2,1 x 1 Gb/s (Realtek RTL8111H),Depends on CPU,2,0,1,1,0,None,0,0,11/25/2024 22:58,11/25/2024 22:58
299,420,AM4,MATX,AMD A520,64,DDR4,2,Black / Silver,1,0,0,1,0,4,1,1 x 1 Gb/s (Realtek RTL8111H),Depends on CPU,2,0,1,1,0,None,0,0,11/25/2024 22:58,11/25/2024 22:58
300,421,AM4,MATX,AMD B550,128,DDR4,4,Black,2,0,0,1,0,4,2,1 x 1 Gb/s (Realtek RTL8111H),Depends on CPU,2,0,2,2,0,None,0,0,11/25/2024 22:58,11/25/2024 22:58
301,422,AM4,ATX,AMD B450,128,DDR4,4,Black,2,0,0,4,0,6,2,1 x 1 Gb/s (Realtek 8111H),Depends on CPU,2,0,1,1,0,None,0,0,11/25/2024 22:58,11/25/2024 22:58
302,423,AM4,ATX,AMD X570,128,DDR4,4,Black,2,0,0,2,0,8,2,1 x 1 Gb/s (Intel I211-AT),Depends on CPU,1,0,2,2,0,None,0,0,11/25/2024 22:58,11/25/2024 22:58
303,424,AM4,ATX,AMD X570,128,DDR4,4,Black / Silver,2,0,0,2,0,8,2,1 x 1 Gb/s,Depends on CPU,1,0,2,2,0,None,0,0,11/25/2024 22:58,11/25/2024 22:58
304,425,AM4,MATX,AMD A520,128,DDR4,4,Black,2,0,0,1,0,4,2,1 x 1 Gb/s (Realtek RTL8111H),Depends on CPU,2,0,1,1,0,None,0,0,11/25/2024 22:58,11/25/2024 22:58
305,426,AM4,ATX,AMD B450,64,DDR4,4,Black / Silver,2,0,0,4,0,6,2,1 x 1 Gb/s,Depends on CPU,2,0,1,1,0,None,0,0,11/25/2024 22:58,11/25/2024 22:58
306,427,AM4,ATX,AMD X570,128,DDR4,4,Black / Silver,3,0,0,2,0,8,3,1 x 1 Gb/s,Depends on CPU,2,0,1,1,0,Wi-Fi 6,0,0,11/25/2024 22:58,11/25/2024 22:58
307,428,AM4,ATX,AMD B550,128,DDR4,4,Gold / Black,3,0,0,2,0,8,2,1 x 2.5 Gb/s (Intel I225-V),Depends on CPU,2,0,2,2,0,Wi-Fi 6,0,0,11/25/2024 22:58,11/25/2024 22:58
308,429,AM4,ATX,AMD B550,128,DDR4,4,Black / Silver,3,0,0,2,0,8,2,1 x 2.5 Gb/s (Killer E3100X),Depends on CPU,2,0,2,2,0,Wi-Fi 6,0,0,11/25/2024 22:58,11/25/2024 22:58
309,430,AM4,ATX,AMD B550,128,DDR4,4,Black / Silver,3,0,0,1,0,6,2,1 x 2.5 Gb/s (Killer E3100G),Depends on CPU,3,0,2,2,0,None,0,0,11/25/2024 22:58,11/25/2024 22:58
310,431,AM4,ATX,AMD X570,128,DDR4,4,Black / Silver,2,0,0,3,0,8,2,1 x 1 Gb/s,Depends on CPU,2,0,2,2,0,None,0,0,11/25/2024 22:58,11/25/2024 22:58
311,432,AM4,ATX,AMD B550,128,DDR4,4,Silver / Black,2,0,0,2,0,6,2,1 x 2.5 Gb/s (Realtek Dragon RTL8125BG),Depends on CPU,2,0,1,1,0,None,0,0,11/25/2024 22:58,11/25/2024 22:58
312,433,AM4,MATX,AMD B450,32,DDR4,2,Black / Silver,1,0,0,1,0,4,1,1 x 1 Gb/s,Depends on CPU,2,0,1,1,0,None,0,0,11/25/2024 22:58,11/25/2024 22:58
313,434,AM4,ATX,AMD B550,128,DDR4,4,Blue / Black,2,0,0,2,0,6,2,1 x 2.5 Gb/s (Realtek Dragon RTL8125BG),Depends on CPU,2,0,1,1,0,None,0,0,11/25/2024 22:58,11/25/2024 22:58
314,435,AM4,MATX,AMD A520,128,DDR4,4,Black / Silver,2,0,0,0,0,4,2,1 x 1 Gb/s (Realtek RTL8111H),Depends on CPU,2,0,2,2,0,None,0,0,11/25/2024 22:58,11/25/2024 22:58
315,436,AM4,ATX,AMD X570,128,DDR4,4,Black,3,0,0,3,0,6,2,1 x 2.5 Gb/s (Killer E3100G),Depends on CPU,2,0,2,2,0,None,0,0,11/25/2024 22:58,11/25/2024 22:58
316,437,AM4,MATX,AMD B450,128,DDR4,4,Black,2,0,0,1,0,4,2,1 x 1 Gb/s (Realtek RTL8111H),Depends on CPU,1,0,1,1,0,None,0,0,11/25/2024 22:58,11/25/2024 22:58
317,438,AM4,MATX,AMD X570,128,DDR4,4,Green / Silver,1,1,0,1,0,8,2,2 x 1 Gb/s,Depends on CPU,0,0,1,1,0,None,0,0,11/25/2024 22:58,11/25/2024 22:58
318,439,AM4,ATX,AMD X370,64,DDR4,4,Black / Red,2,0,0,4,0,6,2,1 x 1 Gb/s,Depends on CPU,2,0,2,2,0,None,0,0,11/25/2024 22:58,11/25/2024 22:58
319,440,LGA1700,ATX,Intel Z790,192,DDR5,4,Gray / Black,3,0,0,2,0,4,3,1 x 2.5 Gb/s (Realtek),Depends on CPU,2,0,1,1,0,Wi-Fi 6E,0,0,11/25/2024 23:39,11/25/2024 23:39
320,441,LGA1700,ATX,Intel Z790,192,DDR5,4,Black,3,0,0,0,0,6,4,1 x 2.5 Gb/s (Realtek),Depends on CPU,2,0,1,1,0,Wi-Fi 6E,0,0,11/25/2024 23:39,11/25/2024 23:39
321,442,LGA1700,MATX,Intel B760,128,DDR4,4,Black / Silver,1,0,0,2,0,4,2,1 x 1 Gb/s (Realtek),Depends on CPU,2,0,1,1,0,Wi-Fi 6,0,0,11/25/2024 23:39,11/25/2024 23:39
322,443,LGA1700,ATX,Intel Z790,192,DDR5,4,Silver,3,0,0,0,0,4,4,1 x 5 Gb/s (Realtek),Depends on CPU,2,0,1,1,1,Wi-Fi 7,0,0,11/25/2024 23:39,11/25/2024 23:39
323,444,LGA1700,MATX,Intel B760,192,DDR5,4,Brown / Gray,4,0,0,0,0,4,4,1 x 1 Gb/s (Realtek),Depends on CPU,3,0,1,1,0,Wi-Fi 5,0,0,11/25/2024 23:39,11/25/2024 23:39
324,445,LGA1700,MATX,Intel B760,128,DDR4,4,Black,1,0,0,2,0,4,2,1 x 2.5 Gb/s (Realtek),Depends on CPU,2,0,1,1,0,None,0,0,11/25/2024 23:39,11/25/2024 23:39
325,446,LGA1700,ATX,Intel B760,192,DDR5,4,Black / Gray,3,0,0,0,0,4,3,1 x 2.5 Gb/s (Realtek),Depends on CPU,2,0,1,1,0,Wi-Fi 6E,0,0,11/25/2024 23:39,11/25/2024 23:39
326,447,LGA1700,ITX,Intel B760,96,DDR5,2,Silver / Black,1,0,0,0,0,2,2,1 x 2.5 Gb/s (Intel),Depends on CPU,1,0,1,1,0,Wi-Fi 6E,0,0,11/25/2024 23:39,11/25/2024 23:39
327,448,LGA1700,ATX,Intel Z790,192,DDR5,4,Silver / White,3,0,0,0,0,6,4,1 x 2.5 Gb/s (Realtek),Depends on CPU,2,0,1,1,0,Wi-Fi 6E,0,0,11/25/2024 23:39,11/25/2024 23:39
328,449,LGA1700,ATX,Intel Z790,192,DDR5,4,Black,3,0,0,0,0,6,4,1 x 2.5 Gb/s (Intel),Depends on CPU,2,0,1,1,0,Wi-Fi 7,0,0,11/25/2024 23:39,11/25/2024 23:39
329,450,LGA1700,MATX,Intel B760,192,DDR5,4,Black,1,0,0,2,0,4,2,1 x 2.5 Gb/s (Realtek),Depends on CPU,2,0,1,1,0,Wi-Fi 6E,0,0,11/25/2024 23:39,11/25/2024 23:39
330,451,LGA1700,ATX,Intel Z790,192,DDR5,4,Black,3,0,0,0,0,6,4,1 x 2.5 Gb/s (Realtek),Depends on CPU,2,0,1,1,0,Wi-Fi 6E,0,0,11/25/2024 23:39,11/25/2024 23:39
331,452,LGA1700,ATX,Intel B760,192,DDR5,4,Black,3,0,0,0,0,4,3,1 x 2.5 Gb/s (Realtek),Depends on CPU,2,0,1,1,0,Wi-Fi 6E,0,0,11/25/2024 23:39,11/25/2024 23:39
332,453,LGA1700,ATX,Intel B760,192,DDR5,4,Gray / Black,5,0,0,0,0,4,2,1 x 1 Gb/s (Realtek),Depends on CPU,2,0,1,1,0,Wi-Fi 6E,0,0,11/25/2024 23:39,11/25/2024 23:39
333,454,LGA1700,ITX,Intel H610,64,DDR5,2,Black,1,0,0,0,0,4,1,1 x 1 Gb/s (Intel),Depends on CPU,1,0,1,1,0,None,0,0,11/25/2024 23:39,11/25/2024 23:39
334,455,LGA1700,MATX,Intel B760,128,DDR4,4,Black,1,0,0,2,0,4,2,1 x 2.5 Gb/s (Realtek),Depends on CPU,2,0,1,1,0,Wi-Fi 6E,0,0,11/25/2024 23:39,11/25/2024 23:39
335,456,LGA1700,EATX,Intel Z790,192,DDR5,4,Black,3,0,0,0,0,4,4,1 x 10 Gb/s (Marvell AQtion AQC113C),Depends on CPU,2,0,2,2,1,Wi-Fi 7,0,0,11/25/2024 23:39,11/25/2024 23:39
336,457,LGA1700,ATX,Intel B760,128,DDR4,4,Black,5,0,0,0,0,4,2,1 x 1 Gb/s (Realtek),Depends on CPU,2,0,1,1,0,Wi-Fi 5,0,0,11/25/2024 23:39,11/25/2024 23:39
337,458,LGA1700,ATX,Intel Z790,192,DDR5,4,Black,4,0,0,2,0,6,3,1 x 2.5 Gb/s (Realtek),Depends on CPU,2,0,1,1,0,Wi-Fi 5,0,0,11/25/2024 23:39,11/25/2024 23:39
338,459,LGA1700,ITX,Intel B760,64,DDR4,2,Black / Gray,1,0,0,0,0,4,2,1 x 2.5 Gb/s (Intel),Depends on CPU,1,0,1,1,0,Wi-Fi 6,0,0,11/25/2024 23:39,11/25/2024 23:39
339,460,LGA1700,MATX,Intel H610,64,DDR4,2,Black / Gray,1,0,0,1,0,4,1,1 x 1 Gb/s (Realtek),Depends on CPU,2,0,1,1,0,None,0,0,11/25/2024 23:39,11/25/2024 23:39
340,461,LGA1700,MATX,Intel B760,192,DDR5,4,Black / Silver,2,0,0,0,0,4,2,1 x 2.5 Gb/s (Realtek),Depends on CPU,2,0,1,1,0,Wi-Fi 6E,0,0,11/25/2024 23:39,11/25/2024 23:39
341,462,LGA1700,ATX,Intel Z790,192,DDR5,4,Black / Gray,3,0,0,0,0,4,3,1 x 2.5 Gb/s (Realtek),Depends on CPU,2,0,1,1,0,Wi-Fi 6,0,0,11/25/2024 23:39,11/25/2024 23:39
342,463,LGA1700,ATX,Intel Z790,192,DDR5,4,Black,3,0,0,0,0,4,4,1 x 5 Gb/s (Realtek),Depends on CPU,2,0,1,1,1,Wi-Fi 7,0,0,11/25/2024 23:39,11/25/2024 23:39
343,464,LGA1700,ITX,Intel H610,64,DDR4,2,Black / Gray,1,0,0,0,0,4,1,1 x 1 Gb/s (Intel),Depends on CPU,2,0,1,1,0,None,0,0,11/25/2024 23:39,11/25/2024 23:39
344,465,LGA1700,MATX,Intel H610,64,DDR5,2,Brown / Silver,1,0,0,1,0,4,1,1 x 1 Gb/s (Realtek),Depends on CPU,2,0,1,1,0,None,0,0,11/25/2024 23:39,11/25/2024 23:39
345,466,LGA1700,ATX,Intel Z790,192,DDR5,4,Black,3,0,0,0,0,6,4,1 x 2.5 Gb/s (Intel),Depends on CPU,2,0,1,1,0,Wi-Fi 6E,0,0,11/25/2024 23:39,11/25/2024 23:39
346,467,LGA1700,EATX,Intel Z790,192,DDR5,4,Black / Silver,3,0,0,0,0,4,4,1 x 10 Gb/s (Marvell AQtion AQC113C),Depends on CPU,2,0,2,2,1,Wi-Fi 6E,0,0,11/25/2024 23:39,11/25/2024 23:39
347,468,LGA1700,ATX,Intel B760,128,DDR4,4,Black,5,0,0,0,0,4,2,1 x 1 Gb/s (Realtek),Depends on CPU,2,0,1,1,0,Wi-Fi 6E,0,0,11/25/2024 23:39,11/25/2024 23:39
348,469,LGA1700,ATX,Intel Z690,128,DDR4,4,Black / Gray,3,0,0,0,0,6,4,1 x 2.5 Gb/s (Realtek),Depends on CPU,2,0,1,1,0,None,0,0,11/25/2024 23:39,11/25/2024 23:39
349,470,LGA1700,MATX,Intel B760,192,DDR5,4,Black / Gray,2,0,0,1,1,4,2,1 x 2.5 Gb/s (Intel),Depends on CPU,2,0,1,1,0,None,0,0,11/25/2024 23:39,11/25/2024 23:39
350,471,LGA1700,ATX,Intel Z790,192,DDR5,4,Black,3,0,0,0,0,4,4,1 x 2.5 Gb/s (Intel),Depends on CPU,2,0,1,1,1,Wi-Fi 6E,0,0,11/25/2024 23:39,11/25/2024 23:39
351,472,LGA1700,ATX,Intel Z790,192,DDR5,4,Gray / Black,4,0,0,1,0,4,3,1 x 2.5 Gb/s (Realtek),Depends on CPU,2,0,1,1,0,Wi-Fi 5,0,0,11/25/2024 23:39,11/25/2024 23:39
352,473,LGA1700,ATX,Intel Z790,128,DDR4,4,Black,3,0,0,0,0,4,4,1 x 2.5 Gb/s (Realtek),Depends on CPU,2,0,1,1,0,Wi-Fi 6E,0,0,11/25/2024 23:39,11/25/2024 23:39
353,474,LGA1700,ATX,Intel Z790,192,DDR5,4,Black,3,0,0,2,0,6,3,1 x 2.5 Gb/s (Realtek),Depends on CPU,2,0,1,1,0,Wi-Fi 6E,0,0,11/25/2024 23:39,11/25/2024 23:39
354,475,LGA1700,ATX,Intel Z690,128,DDR4,4,Black / Silver,3,0,0,0,0,6,4,1 x 2.5 Gb/s,Depends on CPU,2,0,1,1,0,Wi-Fi 6,0,0,11/25/2024 23:39,11/25/2024 23:39
355,476,LGA1700,ATX,Intel Z790,192,DDR5,4,Black,3,0,0,2,0,6,3,1 x 2.5 Gb/s (Realtek),Depends on CPU,2,0,1,1,0,None,0,0,11/25/2024 23:39,11/25/2024 23:39
356,477,LGA1700,ATX,Intel B760,192,DDR5,4,Gray / Black,5,0,0,0,0,4,2,1 x 1 Gb/s (Realtek),Depends on CPU,2,0,1,1,0,Wi-Fi 5 (5 GHz only),0,0,11/25/2024 23:39,11/25/2024 23:39
357,478,LGA1700,MATX,Intel B760,128,DDR4,4,Black,2,0,0,0,0,4,2,1 x 2.5 Gb/s (Realtek),Depends on CPU,2,0,1,1,0,Wi-Fi 6E,0,0,11/25/2024 23:39,11/25/2024 23:39
358,479,LGA1700,ITX,Intel Z790,96,DDR5,2,Silver / Black,1,0,0,0,0,2,2,1 x 2.5 Gb/s (Intel),Depends on CPU,1,0,1,1,0,Wi-Fi 6E,0,0,11/25/2024 23:39,11/25/2024 23:39
359,480,LGA1700,ATX,Intel Z790,128,DDR4,4,Black,3,0,0,0,0,4,4,1 x 2.5 Gb/s (Realtek),Depends on CPU,2,0,1,1,0,None,0,0,11/25/2024 23:39,11/25/2024 23:39
360,481,LGA1700,ITX,Intel B660,64,DDR4,2,Black,1,0,0,0,0,4,1,1 x 2.5 Gb/s (Intel),Depends on CPU,1,0,1,1,0,Wi-Fi 6,0,0,11/25/2024 23:39,11/25/2024 23:39
361,482,LGA1700,ATX,Intel Z690,192,DDR5,4,Black,3,0,0,0,0,6,4,1 x 2.5 Gb/s (Intel),Depends on CPU,2,0,1,1,1,Wi-Fi 6,0,0,11/25/2024 23:39,11/25/2024 23:39
362,483,LGA1700,ATX,Intel B660,128,DDR4,4,Black,5,0,0,0,0,4,2,1 x 1 Gb/s (Realtek),Depends on CPU,2,0,1,1,0,None,0,0,11/25/2024 23:39,11/25/2024 23:39
363,484,LGA1700,ATX,Intel B760,128,DDR4,4,Black,3,0,0,0,0,4,3,1 x 2.5 Gb/s (Realtek),Depends on CPU,2,0,1,1,0,Wi-Fi 6E,0,0,11/25/2024 23:39,11/25/2024 23:39
364,485,LGA1700,ATX,Intel Z790,192,DDR5,4,Silver / Black,3,0,0,0,0,6,4,1 x 2.5 Gb/s (Realtek),Depends on CPU,2,0,1,1,0,Wi-Fi 6E,0,0,11/25/2024 23:39,11/25/2024 23:39
365,486,LGA1700,ATX,Intel Z690,128,DDR4,4,Black / Silver,3,0,0,0,0,6,4,1 x 2.5 Gb/s (Realtek),Depends on CPU,2,0,1,1,0,None,0,0,11/25/2024 23:39,11/25/2024 23:39
366,487,LGA1700,ATX,Intel Z690,192,DDR5,4,Black,3,0,0,0,0,6,4,1 x 2.5 Gb/s (Intel),Depends on CPU,2,0,1,1,1,Wi-Fi 6,0,0,11/25/2024 23:39,11/25/2024 23:39
367,488,LGA1700,EATX,Intel Z690,192,DDR5,4,Black,3,0,0,0,0,6,5,1 x 10 Gb/s (Marvell AQtion AQC113C),Depends on CPU,2,0,2,2,1,Wi-Fi 6,0,0,11/25/2024 23:39,11/25/2024 23:39
368,489,LGA1700,ITX,Intel Z690,64,DDR4,2,Black / Silver,1,0,0,0,0,4,2,1 x 2.5 Gb/s (Intel),Depends on CPU,1,0,1,1,0,Wi-Fi 6,0,0,11/25/2024 23:39,11/25/2024 23:39
369,490,LGA1700,MATX,Intel H610,64,DDR4,2,Black / Gray,1,0,0,1,0,4,1,1 x 1 Gb/s (Intel),Depends on CPU,1,0,1,1,0,None,0,0,11/25/2024 23:39,11/25/2024 23:39
370,491,LGA1700,ATX,Intel Z690,128,DDR5,4,Black / Silver,3,0,0,0,0,6,4,1 x 2.5 Gb/s (Intel),Depends on CPU,2,0,1,1,1,Wi-Fi 6,0,0,11/25/2024 23:39,11/25/2024 23:39
371,492,LGA1700,MATX,Intel Z690,128,DDR4,4,Black,2,0,0,0,0,6,3,1 x 2.5 Gb/s (Intel),Depends on CPU,2,0,1,1,0,Wi-Fi 6,0,0,11/25/2024 23:39,11/25/2024 23:39
372,493,LGA1700,ATX,Intel B660,192,DDR5,4,Black,3,0,0,0,0,4,3,1 x 2.5 Gb/s (Intel),Depends on CPU,2,0,1,1,0,Wi-Fi 6,0,0,11/25/2024 23:39,11/25/2024 23:39
373,494,AM5,ATX,AMD B650,192,DDR5,4,Gray / Black,4,0,0,0,0,4,2,1 x 1 Gb/s (Realtek),Depends on CPU,3,0,1,1,0,Wi-Fi 6E,0,0,11/25/2024 23:39,11/25/2024 23:39
374,495,AM5,ATX,AMD B650,192,DDR5,4,Black / Silver,3,0,0,0,0,4,0,1 x 2.5 Gb/s (Realtek),Depends on CPU,2,0,1,1,1,Wi-Fi 6E,0,0,11/25/2024 23:39,11/25/2024 23:39
375,496,AM5,ATX,AMD B650,192,DDR5,4,Silver,3,0,0,0,0,4,0,1 x 2.5 Gb/s (Realtek),Depends on CPU,2,0,1,1,1,Wi-Fi 6E,0,0,11/25/2024 23:39,11/25/2024 23:39
376,497,AM5,ATX,AMD X870E,256,DDR5,4,Black,3,0,0,0,0,4,3,1 x 2.5 Gb/s (Realtek),Depends on CPU,2,0,2,2,1,Wi-Fi 7,0,0,11/25/2024 23:39,11/25/2024 23:39
377,498,AM5,ATX,AMD X870E,256,DDR5,4,White,3,0,0,0,0,4,3,1 x 2.5 Gb/s (Realtek),Depends on CPU,2,0,2,2,1,Wi-Fi 7,0,0,11/25/2024 23:39,11/25/2024 23:39
378,499,AM5,ATX,AMD B650,192,DDR5,4,Gray / Black,3,0,0,0,0,4,0,1 x 2.5 Gb/s (Realtek),Depends on CPU,2,0,1,1,1,Wi-Fi 6E,0,0,11/25/2024 23:39,11/25/2024 23:39
379,500,AM5,ATX,AMD X870,256,DDR5,4,Black,3,0,0,0,0,4,0,1 x 2.5 Gb/s (Realtek),Depends on CPU,2,0,1,1,0,Wi-Fi 7,0,0,11/25/2024 23:39,11/25/2024 23:39
380,501,AM5,MATX,AMD B650,192,DDR5,4,Silver / Black,1,0,0,1,0,4,1,1 x 2.5 Gb/s (Realtek),Depends on CPU,2,0,1,1,0,Wi-Fi 6,0,0,11/25/2024 23:39,11/25/2024 23:39
381,502,AM5,ATX,AMD X870,256,DDR5,4,White,3,0,0,0,0,4,3,1 x 2.5 Gb/s (Realtek),Depends on CPU,2,0,2,2,1,Wi-Fi 7,0,0,11/25/2024 23:39,11/25/2024 23:39
382,503,AM5,ATX,AMD X670,192,DDR5,4,Black / Gray,3,0,0,0,0,4,3,1 x 2.5 Gb/s (Realtek),Depends on CPU,2,0,2,2,1,Wi-Fi 6E,0,0,11/25/2024 23:39,11/25/2024 23:39
383,504,AM5,ATX,AMD B650,192,DDR5,4,Black / Silver,3,0,0,0,0,4,0,1 x 2.5 Gb/s (Realtek),Depends on CPU,2,0,1,1,1,Wi-Fi 6E,0,0,11/25/2024 23:39,11/25/2024 23:39
384,505,AM5,MATX,AMD B650,192,DDR5,4,Black,2,0,0,0,0,4,1,1 x 2.5 Gb/s (Realtek),Depends on CPU,2,0,1,1,1,Wi-Fi 6E,0,0,11/25/2024 23:39,11/25/2024 23:39
385,506,AM5,ATX,AMD X870,256,DDR5,4,Black,3,0,0,0,0,4,3,1 x 2.5 Gb/s (Realtek),Depends on CPU,2,0,1,1,1,Wi-Fi 7,0,0,11/25/2024 23:39,11/25/2024 23:39
386,507,AM5,MATX,AMD B650,192,DDR5,4,Black / Gray,1,0,0,1,0,4,1,1 x 2.5 Gb/s (Realtek),Depends on CPU,2,0,1,1,0,Wi-Fi 6E,0,0,11/25/2024 23:39,11/25/2024 23:39
387,508,AM5,ITX,AMD B650,96,DDR5,2,Black / Silver,1,0,0,0,0,4,3,1 x 2.5 Gb/s (Intel),Depends on CPU,1,0,1,1,1,Wi-Fi 6E,0,0,11/25/2024 23:39,11/25/2024 23:39
388,509,AM5,ITX,AMD A620,96,DDR5,2,Black / Gray,1,0,0,0,0,2,1,1 x 2.5 Gb/s (Realtek),Depends on CPU,1,0,1,1,0,Wi-Fi 6E,0,0,11/25/2024 23:39,11/25/2024 23:39
389,510,AM5,ATX,AMD B650E,192,DDR5,4,Silver / White,3,0,0,0,0,4,2,1 x 2.5 Gb/s (Realtek),Depends on CPU,2,0,1,1,1,Wi-Fi 6E,0,0,11/25/2024 23:39,11/25/2024 23:39
390,511,AM5,MATX,AMD B650,192,DDR5,4,Silver,2,0,0,0,0,4,1,1 x 2.5 Gb/s (Realtek),Depends on CPU,2,0,1,1,1,Wi-Fi 6E,0,0,11/25/2024 23:39,11/25/2024 23:39
391,512,AM5,ATX,AMD X870,256,DDR5,4,Black,3,0,0,0,0,4,0,1 x 2.5 Gb/s (Realtek),Depends on CPU,2,0,1,1,1,Wi-Fi 7,0,0,11/25/2024 23:39,11/25/2024 23:39
392,513,AM5,ATX,AMD X870E,256,DDR5,4,Black,3,0,0,0,0,4,3,1 x 2.5 Gb/s (Realtek),Depends on CPU,2,0,2,2,1,Wi-Fi 7,0,0,11/25/2024 23:39,11/25/2024 23:39
393,514,AM5,ATX,AMD B650,192,DDR5,4,Black / Gray,3,0,0,0,0,4,0,1 x 2.5 Gb/s (Realtek),Depends on CPU,2,0,1,1,1,Wi-Fi 6E,0,0,11/25/2024 23:39,11/25/2024 23:39
394,515,AM5,ATX,AMD X670,192,DDR5,4,Black,3,0,0,0,0,4,3,1 x 2.5 Gb/s (Realtek),Depends on CPU,2,0,2,2,1,Wi-Fi 6E,0,0,11/25/2024 23:39,11/25/2024 23:39
395,516,AM5,ATX,AMD X870E,256,DDR5,4,Black,3,0,0,0,0,4,3,1 x 5 Gb/s (Realtek),Depends on CPU,2,0,2,2,1,Wi-Fi 7,0,0,11/25/2024 23:39,11/25/2024 23:39
396,517,AM5,MATX,AMD B650,192,DDR5,4,Black,1,0,0,1,0,4,1,1 x 2.5 Gb/s (Realtek),Depends on CPU,2,0,1,1,0,None,0,0,11/25/2024 23:39,11/25/2024 23:39
397,518,AM5,MATX,AMD A620,192,DDR5,4,Brown / Gray,1,0,0,1,0,4,0,1 x 1 Gb/s (Realtek),Depends on CPU,1,0,1,1,0,Wi-Fi 6E,0,0,11/25/2024 23:39,11/25/2024 23:39
398,519,AM5,MATX,AMD B650,192,DDR5,4,Brown / Black,1,0,0,1,0,4,0,1 x 2.5 Gb/s (Realtek),Depends on CPU,2,0,1,1,0,None,0,0,11/25/2024 23:39,11/25/2024 23:39
399,520,AM5,EATX,AMD X670E,256,DDR5,4,Black,3,0,0,0,0,6,3,1 x 10 Gb/s (Marvell AQtion AQC113C),Depends on CPU,2,0,2,2,1,Wi-Fi 6E,0,0,11/25/2024 23:39,11/25/2024 23:39
400,521,AM5,ATX,AMD B650,192,DDR5,4,Black / Gray,4,0,0,0,0,4,2,1 x 1 Gb/s (Realtek),Depends on CPU,3,0,1,1,0,Wi-Fi 5,0,0,11/25/2024 23:39,11/25/2024 23:39
401,522,AM5,MATX,AMD B650,192,DDR5,4,Brown / Silver,1,0,0,1,0,4,0,1 x 2.5 Gb/s (Realtek),Depends on CPU,1,0,1,1,0,None,0,0,11/25/2024 23:39,11/25/2024 23:39
402,523,AM5,ATX,AMD B650,192,DDR5,4,Black / Silver,2,0,0,1,0,4,0,1 x 2.5 Gb/s (Intel),Depends on CPU,2,0,1,1,1,Wi-Fi 6E,0,0,11/25/2024 23:39,11/25/2024 23:39
403,524,AM5,MATX,AMD A620,96,DDR5,2,Gray / Black,1,0,0,1,0,4,0,1 x 1 Gb/s (Realtek),Depends on CPU,2,0,1,1,0,None,0,0,11/25/2024 23:39,11/25/2024 23:39
404,525,AM5,EATX,AMD X670E,192,DDR5,4,Black / Silver,3,0,0,0,0,6,3,1 x 2.5 Gb/s (Intel),Depends on CPU,2,0,2,2,1,Wi-Fi 6E,0,0,11/25/2024 23:39,11/25/2024 23:39
405,526,AM5,MATX,AMD B650,96,DDR5,2,Black / Gray,1,0,0,1,0,4,0,1 x 1 Gb/s (Realtek),Depends on CPU,2,0,1,1,0,None,0,0,11/25/2024 23:39,11/25/2024 23:39
406,527,AM5,ATX,AMD B650,192,DDR5,4,Black,2,0,0,1,0,4,0,1 x 2.5 Gb/s (Intel),Depends on CPU,2,0,1,1,1,Wi-Fi 6E,0,0,11/25/2024 23:39,11/25/2024 23:39
407,528,AM5,ATX,AMD B650,192,DDR5,4,Black / Gray,4,0,0,0,0,4,2,1 x 1 Gb/s (Realtek RTL8111H),Depends on CPU,3,0,1,1,0,Wi-Fi 6,0,0,11/25/2024 23:39,11/25/2024 23:39
408,529,AM5,MATX,AMD A620,192,DDR5,4,Brown / Gray,1,0,0,1,0,4,0,1 x 1 Gb/s (Realtek),Depends on CPU,1,0,1,1,0,None,0,0,11/25/2024 23:39,11/25/2024 23:39
409,530,AM4,MATX,AMD A520,64,DDR4,2,Brown / Black,1,0,0,1,0,4,1,1 x 1 Gb/s (Realtek),Depends on CPU,2,0,1,1,0,None,0,0,11/25/2024 23:39,11/25/2024 23:39
410,531,AM4,MATX,AMD B550,128,DDR4,4,Brown / Silver,1,0,0,1,0,4,2,1 x 1 Gb/s (Realtek),Depends on CPU,1,0,1,1,0,None,0,0,11/25/2024 23:39,11/25/2024 23:39
411,532,AM4,ATX,AMD B550,128,DDR4,4,Brown / Black,5,0,0,0,0,4,2,1 x 1 Gb/s (Realtek),Depends on CPU,2,0,1,1,0,Wi-Fi 5,0,0,11/25/2024 23:39,11/25/2024 23:39
412,533,AM4,MATX,AMD B450,128,DDR4,4,Brown / Black,2,0,0,1,0,4,1,1 x 1 Gb/s,Depends on CPU,2,0,1,1,0,Wi-Fi 5,0,0,11/25/2024 23:39,11/25/2024 23:39
413,534,AM4,ATX,AMD B550,128,DDR4,4,Black,2,0,0,3,0,4,2,1 x 1 Gb/s,Depends on CPU,2,0,1,1,0,None,0,0,11/25/2024 23:39,11/25/2024 23:39
414,535,AM4,ITX,AMD A520,64,DDR4,2,Black,1,0,0,0,0,4,1,1 x 1 Gb/s (Realtek),Depends on CPU,1,0,1,1,0,Wi-Fi 5,0,0,11/25/2024 23:39,11/25/2024 23:39
415,536,AM4,ATX,AMD B550,128,DDR4,4,Black / Silver,3,0,0,1,0,4,2,1 x 2.5 Gb/s (Realtek),Depends on CPU,2,0,1,1,0,Wi-Fi 6,0,0,11/25/2024 23:39,11/25/2024 23:39
416,537,AM4,MATX,AMD A520,128,DDR4,4,Gray / Brown,1,0,0,1,0,4,1,1 x 1 Gb/s (Realtek),Depends on CPU,1,0,1,1,0,None,0,0,11/25/2024 23:39,11/25/2024 23:39
417,538,AM4,MATX,AMD B550,128,DDR4,4,Black,2,0,0,1,0,4,2,1 x 1 Gb/s,Depends on CPU,1,0,1,1,0,Wi-Fi 5,0,0,11/25/2024 23:39,11/25/2024 23:39
418,539,AM4,MATX,AMD A520,64,DDR4,2,Black,1,0,0,2,0,4,1,1 x 1 Gb/s (Realtek),Depends on CPU,2,0,1,1,0,None,0,0,11/25/2024 23:39,11/25/2024 23:39
419,540,AM4,MATX,AMD B450,64,DDR4,2,Brown / Silver,1,0,0,1,0,4,1,1 x 1 Gb/s (Realtek),Depends on CPU,2,0,1,1,0,None,0,0,11/25/2024 23:39,11/25/2024 23:39
420,541,AM4,ITX,AMD B550,64,DDR4,2,Black / Silver,1,0,0,0,0,4,2,1 x 2.5 Gb/s (Realtek),Depends on CPU,1,0,1,1,0,Wi-Fi 6,0,0,11/25/2024 23:39,11/25/2024 23:39
421,542,AM4,MATX,AMD B550,128,DDR4,4,Black / Gold,2,0,0,1,0,4,2,1 x 1 Gb/s (Realtek),Depends on CPU,1,0,1,1,0,None,0,0,11/25/2024 23:39,11/25/2024 23:39
422,543,AM4,MATX,AMD B450,128,DDR4,4,Black / Silver,2,0,0,1,0,4,1,1 x 1 Gb/s,Depends on CPU,2,0,1,1,0,None,0,0,11/25/2024 23:39,11/25/2024 23:39
423,544,AM4,MATX,AMD B550,128,DDR4,4,Black / Orange,2,0,0,1,0,4,2,1 x 1 Gb/s,Depends on CPU,1,0,1,1,0,None,0,0,11/25/2024 23:39,11/25/2024 23:39
424,545,AM4,ATX,AMD B550,128,DDR4,4,Black,3,0,0,1,0,4,2,1 x 2.5 Gb/s (Realtek),Depends on CPU,2,0,1,1,0,None,0,0,11/25/2024 23:39,11/25/2024 23:39
425,546,AM4,ATX,AMD B450,128,DDR4,4,Black,2,0,0,2,0,6,2,1 x 1 Gb/s (Realtek),Depends on CPU,2,0,1,1,0,None,0,0,11/25/2024 23:39,11/25/2024 23:39
426,547,AM4,MATX,AMD B450,128,DDR4,4,Black,2,0,0,1,0,4,1,1 x 1 Gb/s (Realtek),Depends on CPU,2,0,1,1,0,None,0,0,11/25/2024 23:39,11/25/2024 23:39
427,548,AM4,ATX,AMD B450,64,DDR4,4,Black / Silver,3,0,0,1,0,6,2,1 x 1 Gb/s,Depends on CPU,2,0,1,1,0,Wi-Fi 5,0,0,11/25/2024 23:39,11/25/2024 23:39
428,549,AM4,ATX,AMD X570,128,DDR4,4,Black / Silver,2,0,0,2,0,6,2,1 x 1 Gb/s,Depends on CPU,2,0,2,2,0,None,0,0,11/25/2024 23:39,11/25/2024 23:39
429,550,AM4,MATX,AMD B450,64,DDR4,4,Black / Gray,2,0,0,1,0,6,1,1 x 1 Gb/s,Depends on CPU,2,0,1,1,0,None,0,0,11/25/2024 23:39,11/25/2024 23:39
430,551,AM4,ATX,AMD A520,128,DDR4,4,Black / Orange,2,0,0,3,0,4,1,1 x 1 Gb/s (Realtek),Depends on CPU,2,0,1,1,0,None,0,0,11/25/2024 23:39,11/25/2024 23:39
431,552,AM4,ATX,AMD B450,64,DDR4,4,Black / Silver,2,0,0,2,0,6,2,1 x 1 Gb/s,Depends on CPU,2,0,1,1,0,None,0,0,11/25/2024 23:39,11/25/2024 23:39
432,553,AM4,ATX,AMD B550,128,DDR4,4,Black / Orange,3,0,0,2,0,6,2,1 x 2.5 Gb/s,Depends on CPU,2,0,1,1,0,Wi-Fi 5,0,0,11/25/2024 23:39,11/25/2024 23:39
433,554,AM4,MATX,AMD B550,128,DDR4,4,Black,2,0,0,1,0,4,2,1 x 2.5 Gb/s (Realtek),Depends on CPU,2,0,1,1,0,None,0,0,11/25/2024 23:39,11/25/2024 23:39
434,555,AM4,ATX,AMD X570,128,DDR4,4,Black / Silver,3,0,0,1,0,6,3,1 x 1 Gb/s,No,2,0,2,2,0,Wi-Fi 6,0,0,11/25/2024 23:39,11/25/2024 23:39
435,556,AM4,ATX,AMD X570,128,DDR4,4,Black / Silver,2,0,0,3,0,6,2,1 x 1 Gb/s,Depends on CPU,2,0,2,2,0,None,0,0,11/25/2024 23:39,11/25/2024 23:39
436,557,AM4,ATX,AMD B550,128,DDR4,4,Black / Silver,3,0,0,1,0,4,2,1 x 2.5 Gb/s (Realtek),Depends on CPU,2,0,1,1,0,None,0,0,11/25/2024 23:39,11/25/2024 23:39
437,558,AM4,ATX,AMD B550,128,DDR4,4,Black / Silver,2,0,0,3,0,4,2,1 x 1 Gb/s (Realtek),Depends on CPU,2,0,1,1,0,None,0,0,11/25/2024 23:39,11/25/2024 23:39
438,559,AM4,ATX,AMD X570,128,DDR4,4,Black / Silver,3,0,0,2,0,6,1,1 x 1 Gb/s,Depends on CPU,2,0,2,2,0,None,0,0,11/25/2024 23:39,11/25/2024 23:39
439,560,AM4,ATX,AMD X570,128,DDR4,4,Black / White,3,0,0,0,0,6,4,1 x 2.5 Gb/s (Intel),Depends on CPU,2,0,2,2,0,Wi-Fi 6,0,0,11/25/2024 23:39,11/25/2024 23:39
440,561,AM4,MATX,AMD A520,128,DDR4,4,Black,1,0,0,2,0,4,1,1 x 1 Gb/s (Realtek),Depends on CPU,1,0,1,1,0,None,0,0,11/25/2024 23:39,11/25/2024 23:39
441,562,AM4,ATX,AMD B550,128,DDR4,4,Black,3,0,0,2,0,6,2,1 x 2.5 Gb/s (Realtek),Depends on CPU,2,0,1,1,0,None,0,0,11/25/2024 23:39,11/25/2024 23:39
442,563,LGA1700,ATX,Intel B760,192,DDR5,4,Black / Silver,5,0,0,0,0,4,2,1 x 2.5 Gb/s (Realtek RTL8125BG),Depends on CPU,2,0,1,1,0,Wi-Fi 6E,0,0,11/26/2024 3:19,11/26/2024 3:19
443,564,LGA1700,ATX,Intel Z790,192,DDR5,4,Silver / Black,3,0,0,1,0,6,4,1 x 2.5 Gb/s (Intel),Depends on CPU,2,0,1,1,0,Wi-Fi 7,0,0,11/26/2024 3:19,11/26/2024 3:19
444,565,LGA1700,ATX,Intel B760,128,DDR4,4,Black,5,0,0,0,0,4,2,1 x 2.5 Gb/s (Realtek RTL8125B),Depends on CPU,4,0,2,2,0,Wi-Fi 6E,0,0,11/26/2024 3:19,11/26/2024 3:19
445,566,LGA1700,MATX,Intel H610,64,DDR4,2,Black / Silver,1,0,0,1,0,4,1,1 x 1 Gb/s (Intel I219-V),Depends on CPU,1,0,1,1,0,None,0,0,11/26/2024 3:19,11/26/2024 3:19
446,567,LGA1700,ATX,Intel Z790,192,DDR5,4,Black,2,0,0,1,0,7,4,1 x 2.5 Gb/s (Intel),Depends on CPU,2,0,1,1,0,Wi-Fi 6E,0,0,11/26/2024 3:19,11/26/2024 3:19
447,568,LGA1700,MATX,Intel B760,128,DDR4,4,Black,1,0,0,2,0,4,2,1 x 1 Gb/s (Realtek 8111H),Depends on CPU,2,0,1,1,0,None,0,0,11/26/2024 3:19,11/26/2024 3:19
448,569,LGA1700,ATX,Intel Z790,192,DDR5,4,Black / Silver,3,0,0,1,0,6,4,1 x 2.5 Gb/s (Intel),Depends on CPU,2,0,2,2,0,Wi-Fi 6E,0,0,11/26/2024 3:19,11/26/2024 3:19
449,570,LGA1700,MATX,Intel H610,64,DDR4,2,Black / Silver,1,0,0,1,0,4,1,1 x 1 Gb/s (Intel I219-V),Depends on CPU,1,0,1,1,0,Wi-Fi 5,0,0,11/26/2024 3:19,11/26/2024 3:19
450,571,LGA1700,ATX,Intel B760,192,DDR5,4,Black,2,0,0,1,0,4,3,1 x 2.5 Gb/s (Realtek),Depends on CPU,2,0,1,1,0,Wi-Fi 6E,0,0,11/26/2024 3:19,11/26/2024 3:19
451,572,LGA1700,ATX,Intel Z790,192,DDR5,4,Black,4,0,0,2,0,4,2,1 x 2.5 Gb/s (Realtek RTL8125BG),Depends on CPU,2,0,2,2,0,Wi-Fi 7,0,0,11/26/2024 3:19,11/26/2024 3:19
452,573,LGA1700,MATX,Intel B760,128,DDR4,4,Black,2,0,0,1,0,4,2,1 x 2.5 Gb/s (Realtek RTL8125B),Depends on CPU,2,0,2,2,0,Wi-Fi 6E,0,0,11/26/2024 3:19,11/26/2024 3:19
453,574,LGA1700,ATX,Intel Z790,192,DDR5,4,Black / Yellow,2,0,0,1,0,8,4,1 x 2.5 Gb/s (Intel),Depends on CPU,2,0,1,1,0,Wi-Fi 7,0,0,11/26/2024 3:19,11/26/2024 3:19
454,575,LGA1700,ATX,Intel Z790,192,DDR5,4,Black,2,0,0,3,0,4,2,1 x 2.5 Gb/s (Realtek RTL8125BG),Depends on CPU,2,0,2,2,0,Wi-Fi 6E,0,0,11/26/2024 3:19,11/26/2024 3:19
455,576,LGA1700,ATX,Intel Z790,192,DDR5,4,Black,3,0,0,1,0,6,4,1 x 2.5 Gb/s (Intel),Depends on CPU,2,0,2,2,0,Wi-Fi 6E,0,0,11/26/2024 3:19,11/26/2024 3:19
456,577,LGA1700,ATX,Intel Z790,192,DDR5,4,Silver / Black,2,0,0,1,0,8,5,1 x 2.5 Gb/s (Intel),Depends on CPU,2,0,1,1,0,Wi-Fi 7,0,0,11/26/2024 3:19,11/26/2024 3:19
457,578,LGA1700,ATX,Intel Z790,128,DDR4,4,Black / Silver,3,0,0,1,0,6,4,1 x 2.5 Gb/s (Intel),Depends on CPU,2,0,2,2,0,Wi-Fi 6E,0,0,11/26/2024 3:19,11/26/2024 3:19
458,579,LGA1700,MATX,Intel B760,192,DDR5,4,Silver / Black,1,0,1,0,0,4,3,1 x 2.5 Gb/s (Realtek RTL8125BG),Depends on CPU,2,0,1,1,0,Wi-Fi 6E,0,0,11/26/2024 3:19,11/26/2024 3:19
459,580,LGA1700,EATX,Intel Z790,192,DDR5,4,Black,2,0,0,0,0,6,7,1 x 10 Gb/s (Marvell AQtion AQC113CS),Depends on CPU,2,0,2,2,2,Wi-Fi 7,0,0,11/26/2024 3:19,11/26/2024 3:19
460,581,LGA1700,ATX,Intel B760,128,DDR4,4,Black,2,0,0,1,0,4,3,1 x 2.5 Gb/s (Realtek),Depends on CPU,2,0,1,1,0,Wi-Fi 6E,0,0,11/26/2024 3:19,11/26/2024 3:19
461,582,LGA1700,ATX,Intel Z790,256,DDR5,4,Silver / Black,3,0,0,1,0,6,4,1 x 2.5 Gb/s (Intel),Depends on CPU,2,0,2,2,0,Wi-Fi 7,0,0,11/26/2024 3:19,11/26/2024 3:19
462,583,LGA1700,ITX,Intel Z790,96,DDR5,2,Silver / Black,1,0,0,0,0,4,3,1 x 2.5 Gb/s (Intel),Depends on CPU,1,0,1,1,1,Wi-Fi 6E,0,0,11/26/2024 3:19,11/26/2024 3:19
463,584,LGA1700,ATX,Intel Z690,192,DDR5,4,Black / Silver,3,0,0,1,0,6,4,1 x 2.5 Gb/s (Intel I225-V),Depends on CPU,2,0,2,2,0,Wi-Fi 6,0,0,11/26/2024 3:19,11/26/2024 3:19
464,585,LGA1700,ATX,Intel B660,128,DDR4,4,Black / Silver,2,0,0,1,0,6,3,1 x 2.5 Gb/s (Realtek RTL8125B-CG),Depends on CPU,2,0,1,1,0,Wi-Fi 6,0,0,11/26/2024 3:19,11/26/2024 3:19
465,586,LGA1700,ATX,Intel Z690,128,DDR4,4,Black / Silver,3,0,0,1,0,6,4,1 x 2.5 Gb/s (Intel I225-V),Depends on CPU,2,0,2,2,0,None,0,0,11/26/2024 3:19,11/26/2024 3:19
466,587,LGA1700,ATX,Intel Z790,192,DDR5,4,Black,2,0,0,1,0,6,5,1 x 2.5 Gb/s (Intel),Depends on CPU,2,0,1,1,1,Wi-Fi 6E,0,0,11/26/2024 3:19,11/26/2024 3:19
467,588,LGA1700,ATX,Intel Z790,192,DDR5,4,Silver / Black,2,0,0,1,0,7,5,1 x 2.5 Gb/s (Intel),Depends on CPU,2,0,1,1,0,Wi-Fi 6E,0,0,11/26/2024 3:19,11/26/2024 3:19
468,589,LGA1700,ITX,Intel B760,96,DDR5,2,Black / Silver,1,0,0,0,0,4,2,1 x 2.5 Gb/s (Realtek RTL8125BG),Depends on CPU,1,0,1,1,0,Wi-Fi 6E,0,0,11/26/2024 3:19,11/26/2024 3:19
469,590,LGA1700,ATX,Intel B760,256,DDR5,4,Black / Silver,5,0,0,0,0,4,2,1 x 2.5 Gb/s (Realtek RTL8125BG),No,2,0,1,1,0,Wi-Fi 7,0,0,11/26/2024 3:19,11/26/2024 3:19
470,591,LGA1700,ATX,Intel Z690,128,DDR4,4,Black / Gray,3,0,0,1,0,6,4,1 x 2.5 Gb/s (Intel I225-V),Depends on CPU,2,0,1,1,0,Wi-Fi 6,0,0,11/26/2024 3:19,11/26/2024 3:19
471,592,LGA1700,ATX,Intel Z790,256,DDR5,4,Black,2,0,0,1,0,6,5,1 x 5 Gb/s (Realtek),Depends on CPU,2,0,1,1,1,Wi-Fi 7,0,0,11/26/2024 3:19,11/26/2024 3:19
472,593,LGA1700,ATX,Intel Z790,128,DDR4,4,Black,2,0,0,1,0,7,4,1 x 2.5 Gb/s (Intel),Depends on CPU,2,0,1,1,0,Wi-Fi 6E,0,0,11/26/2024 3:19,11/26/2024 3:19
473,594,LGA1700,ATX,Intel Z790,192,DDR5,4,Black,2,0,0,1,0,6,5,1 x 2.5 Gb/s (Intel),Depends on CPU,2,0,1,1,1,Wi-Fi 7,0,0,11/26/2024 3:19,11/26/2024 3:19
474,595,LGA1700,MATX,Intel B660,128,DDR4,4,Black / Silver,2,0,0,1,0,4,2,1 x 2.5 Gb/s (Realtek RTL8125BG),Depends on CPU,2,0,1,1,0,Wi-Fi 6,0,0,11/26/2024 3:19,11/26/2024 3:19
475,596,LGA1700,MATX,Intel B760,192,DDR5,4,Silver / Black,1,0,1,0,0,6,3,1 x 2.5 Gb/s (Realtek),Depends on CPU,2,0,1,1,1,Wi-Fi 6E,0,0,11/26/2024 3:19,11/26/2024 3:19
476,597,LGA1700,MATX,Intel B760,256,DDR5,4,Silver / Black,2,0,0,1,0,4,2,1 x 2.5 Gb/s (Realtek RTL8125BG),Depends on CPU,2,0,1,1,0,Wi-Fi 6E,0,0,11/26/2024 3:19,11/26/2024 3:19
477,598,LGA1700,MATX,Intel B660,128,DDR4,4,Silver / Black,2,0,0,1,0,6,2,1 x 2.5 Gb/s (Realtek RTL8125BG),Depends on CPU,2,0,1,1,0,Wi-Fi 6,0,0,11/26/2024 3:19,11/26/2024 3:19
478,599,LGA1700,ATX,Intel Z790,192,DDR5,4,Black / Silver,3,0,0,1,0,6,4,1 x 2.5 Gb/s (Intel),Depends on CPU,2,0,1,1,0,Wi-Fi 6E,0,0,11/26/2024 3:19,11/26/2024 3:19
479,600,LGA1700,EATX,Intel Z790,192,DDR5,4,Gold / Black,3,0,0,0,0,6,5,2 x 2.5 Gb/s (Intel),Depends on CPU,2,0,2,2,2,Wi-Fi 6E,0,0,11/26/2024 3:19,11/26/2024 3:19
480,601,LGA1700,EATX,Intel Z790,192,DDR5,4,Black,2,0,0,0,0,6,7,1 x 10 Gb/s (Marvell AQtion AQC113-B1-C),Depends on CPU,2,0,2,2,2,Wi-Fi 6E,0,0,11/26/2024 3:19,11/26/2024 3:19
481,602,LGA1700,MATX,Intel H610,96,DDR5,2,Black,1,0,0,1,0,4,1,1 x 1 Gb/s (Realtek RTL8111H),Depends on CPU,2,0,1,1,0,None,0,0,11/26/2024 3:19,11/26/2024 3:19
482,603,LGA1700,ATX,Intel B760,192,DDR5,4,Black / Silver,5,0,0,0,0,4,2,1 x 2.5 Gb/s (Realtek RTL8125BG),Depends on CPU,2,0,1,1,0,Wi-Fi 6E,0,0,11/26/2024 3:19,11/26/2024 3:19
483,604,LGA1700,ATX,Intel Z690,192,DDR5,4,Black / Silver,3,0,0,0,0,6,5,1 x 2.5 Gb/s (Intel I225-V),Depends on CPU,2,0,1,1,0,Wi-Fi 6E,0,0,11/26/2024 3:19,11/26/2024 3:19
484,605,LGA1700,ATX,Intel Z690,192,DDR5,4,Black / Silver,2,0,1,0,0,6,5,2 x 2.5 Gb/s (Intel I225-V),No,2,0,2,2,1,Wi-Fi 6,0,0,11/26/2024 3:19,11/26/2024 3:19
485,606,LGA1700,ATX,Intel Z790,128,DDR4,4,Silver / Black,2,0,0,1,0,7,5,1 x 2.5 Gb/s (Intel),Depends on CPU,2,0,1,1,0,Wi-Fi 6E,0,0,11/26/2024 3:19,11/26/2024 3:19
486,607,LGA1700,ATX,Intel Z790,256,DDR5,4,Black / Red,2,0,0,1,0,8,5,1 x 2.5 Gb/s (Intel),Depends on CPU,4,0,0,0,0,Wi-Fi 7,0,0,11/26/2024 3:19,11/26/2024 3:19
487,608,LGA1700,EATX,Intel Z690,192,DDR5,4,Black / Gold,3,0,0,0,0,6,5,2 x 2.5 Gb/s (Intel I225-V),Depends on CPU,2,0,2,2,2,Wi-Fi 6,0,0,11/26/2024 3:19,11/26/2024 3:19
488,609,LGA1700,MATX,Intel H610,96,DDR5,2,Black,1,0,0,1,0,4,1,1 x 1 Gb/s (Intel I219-V),Depends on CPU,1,0,1,1,0,None,0,0,11/26/2024 3:19,11/26/2024 3:19
489,610,LGA1700,ATX,Intel Z690,192,DDR5,4,Silver / Black,3,0,0,0,0,6,5,1 x 2.5 Gb/s (Intel I225-V),Depends on CPU,2,0,1,1,0,Wi-Fi 6,0,0,11/26/2024 3:19,11/26/2024 3:19
490,611,LGA1700,ATX,Intel Z790,128,DDR4,4,Black / Silver,3,0,0,1,0,6,4,1 x 2.5 Gb/s (Intel),Depends on CPU,2,0,1,1,0,Wi-Fi 6E,0,0,11/26/2024 3:19,11/26/2024 3:19
491,612,LGA1700,MATX,Intel B660,128,DDR4,4,Black / Silver,2,0,0,1,0,6,2,1 x 2.5 Gb/s (Realtek RTL8125BG),Depends on CPU,2,0,1,1,0,None,0,0,11/26/2024 3:19,11/26/2024 3:19
492,613,AM5,ATX,AMD B650,192,DDR5,4,Black,2,0,0,1,0,4,2,1 x 2.5 Gb/s (Realtek 8125BG),Depends on CPU,2,0,1,1,0,Wi-Fi 6E,0,0,11/26/2024 3:19,11/26/2024 3:19
493,614,AM5,ATX,AMD B650,192,DDR5,4,Black,2,0,0,1,0,4,2,1 x 2.5 Gb/s (Realtek RTL8125BG),Depends on CPU,2,0,1,1,0,Wi-Fi 6E,0,0,11/26/2024 3:19,11/26/2024 3:19
494,615,AM5,ATX,AMD B650,256,DDR5,4,Black,2,0,0,1,0,6,3,1 x 2.5 Gb/s (Realtek RTL8125B),Depends on CPU,2,0,1,1,0,Wi-Fi 6E,0,0,11/26/2024 3:19,11/26/2024 3:19
495,616,AM5,ATX,AMD X670E,192,DDR5,4,Black,3,0,0,1,0,4,4,1 x 2.5 Gb/s (Realtek RTL8125BG),Depends on CPU,2,0,2,2,0,Wi-Fi 6E,0,0,11/26/2024 3:19,11/26/2024 3:19
496,617,AM5,MATX,AMD B650,192,DDR5,4,Black / Silver,1,0,0,2,0,4,2,1 x 2.5 Gb/s (Realtek RTL8125BG),Depends on CPU,2,0,1,1,0,None,0,0,11/26/2024 3:19,11/26/2024 3:19
497,618,AM5,ATX,AMD X870,256,DDR5,4,Black,3,0,0,0,0,4,4,1 x 5 Gb/s (Realtek 8126VB),Depends on CPU,2,0,2,2,0,Wi-Fi 7,0,0,11/26/2024 3:19,11/26/2024 3:19
498,619,AM5,ATX,AMD X870E,256,DDR5,4,Black,3,0,0,0,0,4,4,1 x 5 Gb/s (Realtek 8126),Depends on CPU,2,0,2,2,1,Wi-Fi 7,0,0,11/26/2024 3:19,11/26/2024 3:19
499,620,AM5,MATX,AMD B650,192,DDR5,4,Black,2,0,0,1,0,4,2,1 x 2.5 Gb/s (Realtek 8125BG),Depends on CPU,2,0,1,1,0,Wi-Fi 6E,0,0,11/26/2024 3:19,11/26/2024 3:19
500,621,AM5,MATX,AMD A620,96,DDR5,2,Black,1,0,0,1,0,4,1,1 x 1 Gb/s (Realtek RTL8111H),Depends on CPU,2,0,1,1,0,None,0,0,11/26/2024 3:19,11/26/2024 3:19
501,622,AM5,ATX,AMD X870,256,DDR5,4,Black / Silver,4,0,0,0,0,4,3,1 x 5 Gb/s (Realtek 8126VB),Depends on CPU,2,0,1,1,0,Wi-Fi 7,0,0,11/26/2024 3:19,11/26/2024 3:19
502,623,AM5,ATX,AMD X670E,192,DDR5,4,Silver / Black,3,0,0,1,0,4,4,1 x 2.5 Gb/s (Realtek RTL8125BG),Depends on CPU,2,0,2,2,0,Wi-Fi 6E,0,0,11/26/2024 3:19,11/26/2024 3:19
503,624,AM5,ITX,AMD B650,96,DDR5,2,Black / Silver,1,0,0,0,0,4,2,1 x 2.5 Gb/s (Realtek RTL8125BG),Depends on CPU,1,0,1,1,0,Wi-Fi 6E,0,0,11/26/2024 3:19,11/26/2024 3:19
504,625,AM5,ATX,AMD B650,192,DDR5,4,Black,4,0,0,0,0,6,2,1 x 2.5 Gb/s (Realtek 8125BG),Depends on CPU,2,0,1,1,0,Wi-Fi 6E,0,0,11/26/2024 3:19,11/26/2024 3:19
505,626,AM5,MATX,AMD B650,256,DDR5,4,Silver / Black,1,0,0,1,0,4,2,1 x 2.5 Gb/s (Realtek RTL8125BG),Depends on CPU,2,0,1,1,0,Wi-Fi 6E,0,0,11/26/2024 3:19,11/26/2024 3:19
506,627,AM5,MATX,AMD B650,192,DDR5,4,Black,2,0,0,1,0,6,2,1 x 2.5 Gb/s (Realtek RTL8125B),Depends on CPU,2,0,1,1,0,Wi-Fi 6E,0,0,11/26/2024 3:19,11/26/2024 3:19
507,628,AM5,EATX,AMD X870E,256,DDR5,4,Black,2,0,1,0,0,4,5,1 x 10 Gb/s (Marvell AQtion AQC113C),Depends on CPU,2,0,2,2,1,Wi-Fi 7,0,0,11/26/2024 3:19,11/26/2024 3:19
508,629,AM5,ATX,AMD B650,256,DDR5,4,Black / Silver,2,0,0,1,0,6,3,1 x 2.5 Gb/s (Realtek RTL8125B),Depends on CPU,2,0,1,1,0,Wi-Fi 6E,0,0,11/26/2024 3:19,11/26/2024 3:19
509,630,AM5,EATX,AMD X670E,192,DDR5,4,Black,3,0,0,0,0,8,4,1 x 10 Gb/s (Marvell AQtion AQC113-B1-C),No,2,0,2,2,0,Wi-Fi 6E,0,0,11/26/2024 3:19,11/26/2024 3:19
510,631,AM5,ATX,AMD X670E,192,DDR5,4,Black,3,0,0,0,0,6,4,1 x 2.5 Gb/s (Realtek RTL8125BG),Depends on CPU,2,0,2,2,0,Wi-Fi 6E,0,0,11/26/2024 3:19,11/26/2024 3:19
511,632,AM5,ATX,AMD B650,192,DDR5,4,Black / Silver,2,0,0,1,0,6,3,1 x 2.5 Gb/s (Realtek RTL8125BG),Depends on CPU,2,0,1,1,0,Wi-Fi 6E,0,0,11/26/2024 3:19,11/26/2024 3:19
512,633,AM5,EATX,AMD X670E,192,DDR5,4,Black / Gold,3,0,0,0,0,6,4,1 x 10 Gb/s (Marvell AQtion AQC113-B1-C),Depends on CPU,2,0,2,2,1,Wi-Fi 6E,0,0,11/26/2024 3:19,11/26/2024 3:19
513,634,AM5,ATX,AMD X670,192,DDR5,4,Black / White,3,0,0,1,0,6,4,1 x 2.5 Gb/s (Realtek RTL8125BG),Depends on CPU,2,0,2,2,0,Wi-Fi 6E,0,0,11/26/2024 3:19,11/26/2024 3:19
514,635,AM4,ATX,AMD B550,128,DDR4,4,Black,2,0,0,4,0,6,1,1 x 1 Gb/s (Realtek RTL8111H),Depends on CPU,2,0,1,1,0,None,0,0,11/26/2024 3:19,11/26/2024 3:19
515,636,AM4,ATX,AMD B550,128,DDR4,4,Silver / Black,2,0,0,2,0,6,2,1 x 2.5 Gb/s (Realtek RTL8125B),Depends on CPU,2,0,1,1,0,Wi-Fi 6,0,0,11/26/2024 3:19,11/26/2024 3:19
516,637,AM4,MATX,AMD B550,128,DDR4,4,Black,1,0,0,2,0,4,2,1 x 1 Gb/s (Realtek RTL8111HN),Depends on CPU,2,0,1,1,0,Wi-Fi 5,0,0,11/26/2024 3:19,11/26/2024 3:19
517,638,AM4,ATX,AMD B550,128,DDR4,4,Black / Silver,2,0,0,2,0,6,2,1 x 1 Gb/s (Realtek RTL8111H),Depends on CPU,2,0,1,1,0,None,0,0,11/26/2024 3:19,11/26/2024 3:19
518,639,AM4,MATX,AMD B550,128,DDR4,4,Black,4,0,0,0,0,8,2,1 x 1 Gb/s (Realtek RTL8111HN),Depends on CPU,2,0,1,1,0,Wi-Fi 6E,0,0,11/26/2024 3:19,11/26/2024 3:19
519,640,AM4,MATX,AMD B450,64,DDR4,2,Black,1,0,0,1,0,4,1,1 x 2.5 Gb/s (Realtek 8125),Depends on CPU,2,0,1,1,0,None,0,0,11/26/2024 3:19,11/26/2024 3:19
520,641,AM4,MATX,AMD B450,64,DDR4,4,Black / Silver,1,0,0,2,0,4,1,1 x 1 Gb/s,Depends on CPU,2,0,1,1,0,None,0,0,11/26/2024 3:19,11/26/2024 3:19
521,642,AM4,MATX,AMD A520,64,DDR4,2,Black,1,0,0,1,0,4,1,1 x 1 Gb/s (Realtek RTL8111H),Depends on CPU,2,0,1,1,0,None,0,0,11/26/2024 3:19,11/26/2024 3:19
522,643,AM4,ATX,AMD B550,128,DDR4,4,Black / Silver,2,0,0,2,0,6,2,1 x 1 Gb/s (Realtek RTL8111H),Depends on CPU,2,0,1,1,0,None,0,0,11/26/2024 3:19,11/26/2024 3:19
523,644,AM4,ATX,AMD B550,128,DDR4,4,Black,2,0,0,2,0,6,2,1 x 1 Gb/s (Realtek RTL8111H),Depends on CPU,2,0,1,1,0,None,0,0,11/26/2024 3:19,11/26/2024 3:19
524,645,AM4,ATX,AMD B450,128,DDR4,4,Black,2,0,0,3,0,6,1,1 x 1 Gb/s (Realtek 8111H),Depends on CPU,2,0,1,1,0,None,0,0,11/26/2024 3:19,11/26/2024 3:19
525,646,AM4,ATX,AMD B450,128,DDR4,4,Red / Black,2,0,0,4,0,6,1,1 x 1 Gb/s,Depends on CPU,2,0,1,1,0,None,0,0,11/26/2024 3:19,11/26/2024 3:19
526,647,AM4,MATX,AMD B550,128,DDR4,4,Black,1,0,0,2,0,4,2,1 x 1 Gb/s (Realtek 8111HN),Depends on CPU,2,0,1,1,0,None,0,0,11/26/2024 3:19,11/26/2024 3:19
527,648,AM4,MATX,AMD B550,128,DDR4,4,Silver / Black,2,0,0,2,0,6,2,1 x 2.5 Gb/s (Realtek RTL8125B),Depends on CPU,2,0,1,1,0,Wi-Fi 6E,0,0,11/26/2024 3:19,11/26/2024 3:19
528,649,AM4,ATX,AMD X570,128,DDR4,4,Black / Silver,2,0,0,3,0,6,2,1 x 1 Gb/s,Depends on CPU,2,0,2,2,0,Wi-Fi 5,0,0,11/26/2024 3:19,11/26/2024 3:19
529,650,AM4,ATX,AMD B450,128,DDR4,4,Black / Silver,2,0,0,3,0,6,1,1 x 1 Gb/s (Realtek 8111H),Depends on CPU,2,0,1,1,0,None,0,0,11/26/2024 3:19,11/26/2024 3:19
530,651,AM4,ATX,AMD B550,128,DDR4,4,Black,4,0,0,0,0,8,2,1 x 1 Gb/s (Realtek 8111H),Depends on CPU,2,0,1,1,0,None,0,0,11/26/2024 3:19,11/26/2024 3:19
531,652,AM4,ATX,AMD B550,128,DDR4,4,Black / Silver,2,0,0,2,0,6,2,1 x 2.5 Gb/s (Realtek RTL8125B),Depends on CPU,2,0,1,1,0,Wi-Fi 6,0,0,11/26/2024 3:19,11/26/2024 3:19
532,653,AM4,ATX,AMD X470,128,DDR4,4,Black,3,0,0,3,0,6,2,1 x 1 Gb/s,Depends on CPU,2,0,2,2,0,None,0,0,11/26/2024 3:19,11/26/2024 3:19
533,654,AM4,MATX,AMD A320,32,DDR4,2,Black,1,0,0,1,0,4,1,1 x 1 Gb/s (Realtek RTL8111H),Depends on CPU,2,0,1,1,0,None,0,0,11/26/2024 3:19,11/26/2024 3:19
534,655,AM4,MATX,AMD A520,64,DDR4,2,Black,1,0,0,2,0,4,1,1 x 1 Gb/s (Realtek RTL8111H),Depends on CPU,2,0,1,1,0,None,0,0,11/26/2024 3:19,11/26/2024 3:19
535,656,AM4,MATX,AMD B350,64,DDR4,4,Black / White,1,0,0,2,0,4,1,1 x 1 Gb/s,Depends on CPU,2,0,1,1,0,None,0,0,11/26/2024 3:19,11/26/2024 3:19
